Gene,IG Score Before Training,IG Score After Training
A2ML1,-1.0,-1.0
AAA1,-1.0,-1.0
AACSL,-1.0,-1.0
AADACL3,-1.0,-1.0
AANAT,-1.0,-1.0
ABCA12,-1.0,-1.0
ABCA13,-1.0,-1.0
ABCA17P,-1.0,-1.0
ABCB9,-1.0,-1.0
ABCC12,-1.0,-1.0
ABHD12B,-1.0,-1.0
ACAN,-1.0,-1.0
ACBD7,-1.0,-1.0
ACCN2,-1.0,-1.0
ACCN3,-1.0,-1.0
ACCN4,-1.0,-1.0
ACCSL,-1.0,-1.0
ACPT,-1.0,-1.0
ACRBP,-1.0,-1.0
ACRC,-1.0,-1.0
ACRV1,-1.0,-1.0
ACSM4,-1.0,-1.0
ACTBL2,-1.0,-1.0
ACTL6B,-1.0,-1.0
ACTL7A,-1.0,-1.0
ACTL7B,-1.0,-1.0
ACTL8,-1.0,-1.0
ACTL9,-1.0,-1.0
ACTRT1,-1.0,-1.0
ACTRT2,-1.0,-1.0
ADAD1,-1.0,-1.0
ADAM11,-1.0,-1.0
ADAM18,-1.0,-1.0
ADAM2,-1.0,-1.0
ADAM20,-1.0,-1.0
ADAM21,-1.0,-1.0
ADAM21P1,-1.0,-1.0
ADAM30,-1.0,-1.0
ADAM32,-1.0,-1.0
ADAM5P,-1.0,-1.0
ADAMDEC1,-1.0,-1.0
ADAMTS12,-1.0,-1.0
ADAMTS14,-1.0,-1.0
ADAMTS18,-1.0,-1.0
ADAMTS2,-1.0,-1.0
ADAMTS20,-1.0,-1.0
ADAMTS6,-1.0,-1.0
ADAMTS7,-1.0,-1.0
ADAT2,-1.0,-1.0
ADAT3,-1.0,-1.0
ADC,-1.0,-1.0
ADCK5,-1.0,-1.0
ADD2,-1.0,-1.0
ADM2,-1.0,-1.0
ADORA1,-1.0,-1.0
ADORA3,-1.0,-1.0
AFARP1,-1.0,-1.0
AFF2,-1.0,-1.0
AGAP2,-1.0,-1.0
AGAP4,-1.0,-1.0
AGAP5,-1.0,-1.0
AGAP6,-1.0,-1.0
AGAP7,-1.0,-1.0
AGAP8,-1.0,-1.0
AGBL2,-1.0,-1.0
AHRR,-1.0,-1.0
AIFM3,-1.0,-1.0
AIM1L,-1.0,-1.0
AIM2,-1.0,-1.0
AIRE,-1.0,-1.0
AKAP4,-1.0,-1.0
AKNAD1,-1.0,-1.0
AKR1B15,-1.0,-1.0
ALDH1L2,-1.0,-1.0
ALDH3B2,-1.0,-1.0
ALG10,-1.0,-1.0
ALG11,-1.0,-1.0
ALG1L,-1.0,-1.0
ALG1L2,-1.0,-1.0
ALK,-1.0,-1.0
ALKBH6,-1.0,-1.0
ALOX12,-1.0,-1.0
ALOX12B,-1.0,-1.0
ALOX12P2,-1.0,-1.0
ALOXE3,-1.0,-1.0
ALPP,-1.0,-1.0
ALPPL2,-1.0,-1.0
ALS2CR11,-1.0,-1.0
ALX3,-1.0,-1.0
ALX4,-1.0,-1.0
AMAC1,-1.0,-1.0
AMAC1L2,-1.0,-1.0
AMAC1L3,-1.0,-1.0
AMBN,-1.0,-1.0
AMELX,-1.0,-1.0
AMH,-1.0,-1.0
AMIGO3,-1.0,-1.0
AMTN,-1.0,-1.0
AMZ1,-1.0,-1.0
ANKK1,-1.0,-1.0
ANKLE1,-1.0,-1.0
ANKRD13B,-1.0,-1.0
ANKRD16,-1.0,-1.0
ANKRD19,-1.0,-1.0
ANKRD23,-1.0,-1.0
ANKRD26P1,-1.0,-1.0
ANKRD32,-1.0,-1.0
ANKRD33,-1.0,-1.0
ANKRD34A,-1.0,-1.0
ANKRD34B,-1.0,-1.0
ANKRD5,-1.0,-1.0
ANKRD58,-1.0,-1.0
ANKRD7,-1.0,-1.0
ANLN,-1.0,-1.0
ANO7,-1.0,-1.0
ANO9,-1.0,-1.0
ANP32C,-1.0,-1.0
ANXA2P1,-1.0,-1.0
ANXA2P3,-1.0,-1.0
APC2,-1.0,-1.0
APLN,-1.0,-1.0
APOBEC1,-1.0,-1.0
APOBEC3B,-1.0,-1.0
APOBEC3D,-1.0,-1.0
APOBEC3H,-1.0,-1.0
APOC2,-1.0,-1.0
AQP12A,-1.0,-1.0
AQP12B,-1.0,-1.0
ARGFX,-1.0,-1.0
ARGFXP2,-1.0,-1.0
ARHGAP11A,-1.0,-1.0
ARHGAP11B,-1.0,-1.0
ARHGAP33,-1.0,-1.0
ARHGAP36,-1.0,-1.0
ARHGAP8,-1.0,-1.0
ARHGDIG,-1.0,-1.0
ARID3B,-1.0,-1.0
ARL11,-1.0,-1.0
ARL13A,-1.0,-1.0
ARL17A,-1.0,-1.0
ARL9,-1.0,-1.0
ARMC3,-1.0,-1.0
ARMS2,-1.0,-1.0
ARNTL2,-1.0,-1.0
ARRDC5,-1.0,-1.0
ARSH,-1.0,-1.0
ARTN,-1.0,-1.0
ASAP1IT1,-1.0,-1.0
ASCL2,-1.0,-1.0
ASF1B,-1.0,-1.0
ASFMR1,-1.0,-1.0
ASIP,-1.0,-1.0
ASPHD2,-1.0,-1.0
ASPM,-1.0,-1.0
ASTL,-1.0,-1.0
ASZ1,-1.0,-1.0
ATAD5,-1.0,-1.0
ATG9B,-1.0,-1.0
ATOH1,-1.0,-1.0
ATP2A1,-1.0,-1.0
ATP5EP2,-1.0,-1.0
ATP5L2,-1.0,-1.0
ATP6AP1L,-1.0,-1.0
ATP6V1B1,-1.0,-1.0
ATP6V1C2,-1.0,-1.0
ATP6V1E2,-1.0,-1.0
ATP8B3,-1.0,-1.0
ATP8B5P,-1.0,-1.0
ATPBD4,-1.0,-1.0
ATXN3L,-1.0,-1.0
ATXN7L2,-1.0,-1.0
AURKA,-1.0,-1.0
AURKAPS1,-1.0,-1.0
AURKB,-1.0,-1.0
AVIL,-1.0,-1.0
AWAT1,-1.0,-1.0
AZU1,-1.0,-1.0
B3GAT2,-1.0,-1.0
B3GNT4,-1.0,-1.0
B3GNTL1,-1.0,-1.0
B4GALNT1,-1.0,-1.0
BAGE,-1.0,-1.0
BAI1,-1.0,-1.0
BAI2,-1.0,-1.0
BARHL1,-1.0,-1.0
BARHL2,-1.0,-1.0
BARX1,-1.0,-1.0
BATF2,-1.0,-1.0
BATF3,-1.0,-1.0
BCAR4,-1.0,-1.0
BCDIN3D,-1.0,-1.0
BCL2L14,-1.0,-1.0
BCL8,-1.0,-1.0
BCORL2,-1.0,-1.0
BEAN,-1.0,-1.0
BEND3,-1.0,-1.0
BEST2,-1.0,-1.0
BEST3,-1.0,-1.0
BEST4,-1.0,-1.0
BGLAP,-1.0,-1.0
BIRC5,-1.0,-1.0
BIRC7,-1.0,-1.0
BLID,-1.0,-1.0
BLM,-1.0,-1.0
BMP8A,-1.0,-1.0
BMP8B,-1.0,-1.0
BMS1P4,-1.0,-1.0
BNC1,-1.0,-1.0
BOLL,-1.0,-1.0
BPESC1,-1.0,-1.0
BPIL2,-1.0,-1.0
BRCA1,-1.0,-1.0
BRCA2,-1.0,-1.0
BRD7P3,-1.0,-1.0
BRDT,-1.0,-1.0
BREA2,-1.0,-1.0
BRIP1,-1.0,-1.0
BRSK1,-1.0,-1.0
BRSK2,-1.0,-1.0
BSN,-1.0,-1.0
BSX,-1.0,-1.0
BTBD16,-1.0,-1.0
BTBD17,-1.0,-1.0
BTBD18,-1.0,-1.0
BTG4,-1.0,-1.0
BTN1A1,-1.0,-1.0
BTN2A3,-1.0,-1.0
BUB1,-1.0,-1.0
BUB1B,-1.0,-1.0
C10orf110,-1.0,-1.0
C10orf111,-1.0,-1.0
C10orf113,-1.0,-1.0
C10orf12,-1.0,-1.0
C10orf122,-1.0,-1.0
C10orf131,-1.0,-1.0
C10orf35,-1.0,-1.0
C10orf40,-1.0,-1.0
C10orf55,-1.0,-1.0
C10orf62,-1.0,-1.0
C10orf75,-1.0,-1.0
C10orf78,-1.0,-1.0
C10orf81,-1.0,-1.0
C10orf88,-1.0,-1.0
C10orf91,-1.0,-1.0
C10orf95,-1.0,-1.0
C10orf96,-1.0,-1.0
C10orf99,-1.0,-1.0
C11orf20,-1.0,-1.0
C11orf35,-1.0,-1.0
C11orf36,-1.0,-1.0
C11orf41,-1.0,-1.0
C11orf82,-1.0,-1.0
C11orf94,-1.0,-1.0
C12orf12,-1.0,-1.0
C12orf24,-1.0,-1.0
C12orf34,-1.0,-1.0
C12orf36,-1.0,-1.0
C12orf40,-1.0,-1.0
C12orf45,-1.0,-1.0
C12orf48,-1.0,-1.0
C12orf50,-1.0,-1.0
C12orf56,-1.0,-1.0
C12orf60,-1.0,-1.0
C12orf61,-1.0,-1.0
C12orf66,-1.0,-1.0
C12orf70,-1.0,-1.0
C12orf73,-1.0,-1.0
C12orf77,-1.0,-1.0
C13orf16,-1.0,-1.0
C13orf18,-1.0,-1.0
C13orf27,-1.0,-1.0
C13orf29,-1.0,-1.0
C13orf34,-1.0,-1.0
C13orf35,-1.0,-1.0
C13orf38,-1.0,-1.0
C14orf115,-1.0,-1.0
C14orf138,-1.0,-1.0
C14orf143,-1.0,-1.0
C14orf145,-1.0,-1.0
C14orf148,-1.0,-1.0
C14orf162,-1.0,-1.0
C14orf174,-1.0,-1.0
C14orf176,-1.0,-1.0
C14orf183,-1.0,-1.0
C14orf184,-1.0,-1.0
C14orf19,-1.0,-1.0
C14orf23,-1.0,-1.0
C14orf33,-1.0,-1.0
C14orf34,-1.0,-1.0
C14orf39,-1.0,-1.0
C14orf48,-1.0,-1.0
C14orf72,-1.0,-1.0
C14orf80,-1.0,-1.0
C15orf21,-1.0,-1.0
C15orf26,-1.0,-1.0
C15orf28,-1.0,-1.0
C15orf32,-1.0,-1.0
C15orf34,-1.0,-1.0
C15orf42,-1.0,-1.0
C15orf53,-1.0,-1.0
C15orf54,-1.0,-1.0
C15orf55,-1.0,-1.0
C15orf60,-1.0,-1.0
C15orf62,-1.0,-1.0
C16orf3,-1.0,-1.0
C16orf55,-1.0,-1.0
C16orf59,-1.0,-1.0
C16orf73,-1.0,-1.0
C16orf75,-1.0,-1.0
C16orf79,-1.0,-1.0
C16orf82,-1.0,-1.0
C16orf90,-1.0,-1.0
C16orf92,-1.0,-1.0
C16orf93,-1.0,-1.0
C17orf100,-1.0,-1.0
C17orf104,-1.0,-1.0
C17orf42,-1.0,-1.0
C17orf46,-1.0,-1.0
C17orf47,-1.0,-1.0
C17orf53,-1.0,-1.0
C17orf60,-1.0,-1.0
C17orf64,-1.0,-1.0
C17orf65,-1.0,-1.0
C17orf66,-1.0,-1.0
C17orf67,-1.0,-1.0
C17orf69,-1.0,-1.0
C17orf73,-1.0,-1.0
C17orf74,-1.0,-1.0
C17orf76,-1.0,-1.0
C17orf77,-1.0,-1.0
C17orf82,-1.0,-1.0
C17orf86,-1.0,-1.0
C17orf93,-1.0,-1.0
C17orf96,-1.0,-1.0
C17orf98,-1.0,-1.0
C17orf99,-1.0,-1.0
C18orf45,-1.0,-1.0
C18orf54,-1.0,-1.0
C18orf56,-1.0,-1.0
C19orf18,-1.0,-1.0
C19orf20,-1.0,-1.0
C19orf21,-1.0,-1.0
C19orf23,-1.0,-1.0
C19orf26,-1.0,-1.0
C19orf34,-1.0,-1.0
C19orf38,-1.0,-1.0
C19orf39,-1.0,-1.0
C19orf40,-1.0,-1.0
C19orf41,-1.0,-1.0
C19orf44,-1.0,-1.0
C19orf45,-1.0,-1.0
C19orf51,-1.0,-1.0
C19orf55,-1.0,-1.0
C19orf57,-1.0,-1.0
C19orf59,-1.0,-1.0
C19orf71,-1.0,-1.0
C19orf73,-1.0,-1.0
C19orf75,-1.0,-1.0
C19orf76,-1.0,-1.0
C1orf104,-1.0,-1.0
C1orf105,-1.0,-1.0
C1orf111,-1.0,-1.0
C1orf112,-1.0,-1.0
C1orf113,-1.0,-1.0
C1orf127,-1.0,-1.0
C1orf135,-1.0,-1.0
C1orf14,-1.0,-1.0
C1orf146,-1.0,-1.0
C1orf152,-1.0,-1.0
C1orf156,-1.0,-1.0
C1orf157,-1.0,-1.0
C1orf159,-1.0,-1.0
C1orf170,-1.0,-1.0
C1orf182,-1.0,-1.0
C1orf187,-1.0,-1.0
C1orf200,-1.0,-1.0
C1orf213,-1.0,-1.0
C1orf220,-1.0,-1.0
C1orf223,-1.0,-1.0
C1orf227,-1.0,-1.0
C1orf228,-1.0,-1.0
C1orf50,-1.0,-1.0
C1orf51,-1.0,-1.0
C1orf53,-1.0,-1.0
C1orf59,-1.0,-1.0
C1orf61,-1.0,-1.0
C1orf65,-1.0,-1.0
C1orf68,-1.0,-1.0
C1orf74,-1.0,-1.0
C1orf83,-1.0,-1.0
C1orf84,-1.0,-1.0
C1orf91,-1.0,-1.0
C1orf94,-1.0,-1.0
C1orf97,-1.0,-1.0
C1QL1,-1.0,-1.0
C1QL2,-1.0,-1.0
C1QL4,-1.0,-1.0
C1QTNF8,-1.0,-1.0
C20orf103,-1.0,-1.0
C20orf106,-1.0,-1.0
C20orf107,-1.0,-1.0
C20orf118,-1.0,-1.0
C20orf12,-1.0,-1.0
C20orf123,-1.0,-1.0
C20orf134,-1.0,-1.0
C20orf135,-1.0,-1.0
C20orf141,-1.0,-1.0
C20orf144,-1.0,-1.0
C20orf151,-1.0,-1.0
C20orf152,-1.0,-1.0
C20orf165,-1.0,-1.0
C20orf173,-1.0,-1.0
C20orf185,-1.0,-1.0
C20orf186,-1.0,-1.0
C20orf191,-1.0,-1.0
C20orf195,-1.0,-1.0
C20orf196,-1.0,-1.0
C20orf197,-1.0,-1.0
C20orf201,-1.0,-1.0
C20orf203,-1.0,-1.0
C20orf46,-1.0,-1.0
C20orf70,-1.0,-1.0
C20orf94,-1.0,-1.0
C21orf125,-1.0,-1.0
C21orf129,-1.0,-1.0
C21orf45,-1.0,-1.0
C21orf56,-1.0,-1.0
C21orf57,-1.0,-1.0
C21orf58,-1.0,-1.0
C21orf67,-1.0,-1.0
C21orf70,-1.0,-1.0
C21orf81,-1.0,-1.0
C21orf90,-1.0,-1.0
C21orf96,-1.0,-1.0
C21orf99,-1.0,-1.0
C22orf24,-1.0,-1.0
C22orf27,-1.0,-1.0
C22orf41,-1.0,-1.0
C22orf43,-1.0,-1.0
C2CD4A,-1.0,-1.0
C2CD4C,-1.0,-1.0
C2CD4D,-1.0,-1.0
C2orf14,-1.0,-1.0
C2orf15,-1.0,-1.0
C2orf16,-1.0,-1.0
C2orf27A,-1.0,-1.0
C2orf27B,-1.0,-1.0
C2orf34,-1.0,-1.0
C2orf48,-1.0,-1.0
C2orf51,-1.0,-1.0
C2orf52,-1.0,-1.0
C2orf53,-1.0,-1.0
C2orf57,-1.0,-1.0
C2orf61,-1.0,-1.0
C2orf63,-1.0,-1.0
C2orf65,-1.0,-1.0
C2orf66,-1.0,-1.0
C2orf70,-1.0,-1.0
C2orf78,-1.0,-1.0
C2orf80,-1.0,-1.0
C2orf81,-1.0,-1.0
C2orf82,-1.0,-1.0
C2orf83,-1.0,-1.0
C2orf86,-1.0,-1.0
C2orf89,-1.0,-1.0
C3orf20,-1.0,-1.0
C3orf22,-1.0,-1.0
C3orf24,-1.0,-1.0
C3orf27,-1.0,-1.0
C3orf30,-1.0,-1.0
C3orf31,-1.0,-1.0
C3orf34,-1.0,-1.0
C3orf35,-1.0,-1.0
C3orf43,-1.0,-1.0
C3orf47,-1.0,-1.0
C3orf48,-1.0,-1.0
C3orf50,-1.0,-1.0
C3orf54,-1.0,-1.0
C3orf62,-1.0,-1.0
C3orf65,-1.0,-1.0
C3orf67,-1.0,-1.0
C3orf72,-1.0,-1.0
C3orf74,-1.0,-1.0
C3orf77,-1.0,-1.0
C4orf11,-1.0,-1.0
C4orf17,-1.0,-1.0
C4orf21,-1.0,-1.0
C4orf26,-1.0,-1.0
C4orf46,-1.0,-1.0
C4orf47,-1.0,-1.0
C4orf50,-1.0,-1.0
C4orf51,-1.0,-1.0
C4orf6,-1.0,-1.0
C5orf20,-1.0,-1.0
C5orf34,-1.0,-1.0
C5orf39,-1.0,-1.0
C5orf46,-1.0,-1.0
C5orf47,-1.0,-1.0
C5orf54,-1.0,-1.0
C5orf58,-1.0,-1.0
C5orf60,-1.0,-1.0
C6orf10,-1.0,-1.0
C6orf126,-1.0,-1.0
C6orf127,-1.0,-1.0
C6orf147,-1.0,-1.0
C6orf15,-1.0,-1.0
C6orf150,-1.0,-1.0
C6orf154,-1.0,-1.0
C6orf163,-1.0,-1.0
C6orf164,-1.0,-1.0
C6orf167,-1.0,-1.0
C6orf170,-1.0,-1.0
C6orf182,-1.0,-1.0
C6orf195,-1.0,-1.0
C6orf218,-1.0,-1.0
C6orf221,-1.0,-1.0
C6orf222,-1.0,-1.0
C6orf223,-1.0,-1.0
C6orf227,-1.0,-1.0
C6orf26,-1.0,-1.0
C6orf41,-1.0,-1.0
C6orf52,-1.0,-1.0
C6orf81,-1.0,-1.0
C7orf13,-1.0,-1.0
C7orf33,-1.0,-1.0
C7orf4,-1.0,-1.0
C7orf52,-1.0,-1.0
C7orf53,-1.0,-1.0
C7orf54,-1.0,-1.0
C7orf57,-1.0,-1.0
C7orf61,-1.0,-1.0
C7orf65,-1.0,-1.0
C7orf68,-1.0,-1.0
C7orf69,-1.0,-1.0
C7orf71,-1.0,-1.0
C7orf72,-1.0,-1.0
C8orf31,-1.0,-1.0
C8orf38,-1.0,-1.0
C8orf39,-1.0,-1.0
C8orf44,-1.0,-1.0
C8orf45,-1.0,-1.0
C8orf51,-1.0,-1.0
C8orf71,-1.0,-1.0
C8orf73,-1.0,-1.0
C8orf74,-1.0,-1.0
C8orf75,-1.0,-1.0
C8orf77,-1.0,-1.0
C8ORFK29,-1.0,-1.0
C9orf100,-1.0,-1.0
C9orf109,-1.0,-1.0
C9orf110,-1.0,-1.0
C9orf116,-1.0,-1.0
C9orf117,-1.0,-1.0
C9orf139,-1.0,-1.0
C9orf140,-1.0,-1.0
C9orf153,-1.0,-1.0
C9orf163,-1.0,-1.0
C9orf169,-1.0,-1.0
C9orf170,-1.0,-1.0
C9orf171,-1.0,-1.0
C9orf172,-1.0,-1.0
C9orf173,-1.0,-1.0
C9orf40,-1.0,-1.0
C9orf43,-1.0,-1.0
C9orf44,-1.0,-1.0
C9orf50,-1.0,-1.0
C9orf53,-1.0,-1.0
C9orf57,-1.0,-1.0
C9orf79,-1.0,-1.0
C9orf85,-1.0,-1.0
CABP7,-1.0,-1.0
CABYR,-1.0,-1.0
CACNA1B,-1.0,-1.0
CACNA1E,-1.0,-1.0
CACNA1F,-1.0,-1.0
CACNA1I,-1.0,-1.0
CACNB1,-1.0,-1.0
CACNG1,-1.0,-1.0
CACNG2,-1.0,-1.0
CACNG4,-1.0,-1.0
CACNG5,-1.0,-1.0
CACNG7,-1.0,-1.0
CACNG8,-1.0,-1.0
CAGE1,-1.0,-1.0
CALCB,-1.0,-1.0
CALHM1,-1.0,-1.0
CALHM3,-1.0,-1.0
CALML6,-1.0,-1.0
CALR3,-1.0,-1.0
CAMK2N2,-1.0,-1.0
CAMKV,-1.0,-1.0
CAPN12,-1.0,-1.0
CARD14,-1.0,-1.0
CARD17,-1.0,-1.0
CARD18,-1.0,-1.0
CARD9,-1.0,-1.0
CASC5,-1.0,-1.0
CASKIN1,-1.0,-1.0
CASP14,-1.0,-1.0
CASP5,-1.0,-1.0
CATSPER1,-1.0,-1.0
CATSPER2,-1.0,-1.0
CATSPER2P1,-1.0,-1.0
CATSPER3,-1.0,-1.0
CATSPER4,-1.0,-1.0
CATSPERB,-1.0,-1.0
CBWD6,-1.0,-1.0
CBX2,-1.0,-1.0
CBX8,-1.0,-1.0
CCDC103,-1.0,-1.0
CCDC109B,-1.0,-1.0
CCDC113,-1.0,-1.0
CCDC114,-1.0,-1.0
CCDC134,-1.0,-1.0
CCDC136,-1.0,-1.0
CCDC138,-1.0,-1.0
CCDC140,-1.0,-1.0
CCDC142,-1.0,-1.0
CCDC144C,-1.0,-1.0
CCDC144NL,-1.0,-1.0
CCDC15,-1.0,-1.0
CCDC150,-1.0,-1.0
CCDC151,-1.0,-1.0
CCDC154,-1.0,-1.0
CCDC155,-1.0,-1.0
CCDC157,-1.0,-1.0
CCDC163P,-1.0,-1.0
CCDC18,-1.0,-1.0
CCDC19,-1.0,-1.0
CCDC24,-1.0,-1.0
CCDC33,-1.0,-1.0
CCDC40,-1.0,-1.0
CCDC41,-1.0,-1.0
CCDC42,-1.0,-1.0
CCDC58,-1.0,-1.0
CCDC62,-1.0,-1.0
CCDC63,-1.0,-1.0
CCDC74B,-1.0,-1.0
CCDC77,-1.0,-1.0
CCDC78,-1.0,-1.0
CCDC79,-1.0,-1.0
CCDC83,-1.0,-1.0
CCDC84,-1.0,-1.0
CCDC87,-1.0,-1.0
CCDC99,-1.0,-1.0
CCL1,-1.0,-1.0
CCL18,-1.0,-1.0
CCL25,-1.0,-1.0
CCL26,-1.0,-1.0
CCL27,-1.0,-1.0
CCL7,-1.0,-1.0
CCNA1,-1.0,-1.0
CCNA2,-1.0,-1.0
CCNB2,-1.0,-1.0
CCNB3,-1.0,-1.0
CCNE1,-1.0,-1.0
CCNE2,-1.0,-1.0
CCNF,-1.0,-1.0
CCNI2,-1.0,-1.0
CCNJ,-1.0,-1.0
CCR3,-1.0,-1.0
CCR5,-1.0,-1.0
CCR8,-1.0,-1.0
CCT6P1,-1.0,-1.0
CCT8L2,-1.0,-1.0
CD180,-1.0,-1.0
CD1A,-1.0,-1.0
CD200R1L,-1.0,-1.0
CD300C,-1.0,-1.0
CD300LD,-1.0,-1.0
CD300LF,-1.0,-1.0
CD7,-1.0,-1.0
CD70,-1.0,-1.0
CD72,-1.0,-1.0
CD80,-1.0,-1.0
CDC20,-1.0,-1.0
CDC20B,-1.0,-1.0
CDC25A,-1.0,-1.0
CDC25C,-1.0,-1.0
CDC45,-1.0,-1.0
CDC6,-1.0,-1.0
CDC7,-1.0,-1.0
CDCA2,-1.0,-1.0
CDCA3,-1.0,-1.0
CDCA5,-1.0,-1.0
CDCA7,-1.0,-1.0
CDCA8,-1.0,-1.0
CDH15,-1.0,-1.0
CDH18,-1.0,-1.0
CDH24,-1.0,-1.0
CDH7,-1.0,-1.0
CDH8,-1.0,-1.0
CDK1,-1.0,-1.0
CDK3,-1.0,-1.0
CDK5R1,-1.0,-1.0
CDK5R2,-1.0,-1.0
CDKL4,-1.0,-1.0
CDKN2BAS,-1.0,-1.0
CDKN3,-1.0,-1.0
CDRT1,-1.0,-1.0
CDRT15,-1.0,-1.0
CDRT15P,-1.0,-1.0
CDSN,-1.0,-1.0
CDT1,-1.0,-1.0
CEACAM18,-1.0,-1.0
CEACAM19,-1.0,-1.0
CEBPE,-1.0,-1.0
CECR6,-1.0,-1.0
CEL,-1.0,-1.0
CELP,-1.0,-1.0
CELSR3,-1.0,-1.0
CEND1,-1.0,-1.0
CENPA,-1.0,-1.0
CENPE,-1.0,-1.0
CENPH,-1.0,-1.0
CENPI,-1.0,-1.0
CENPJ,-1.0,-1.0
CENPK,-1.0,-1.0
CENPL,-1.0,-1.0
CENPO,-1.0,-1.0
CENPQ,-1.0,-1.0
CEP135,-1.0,-1.0
CEP152,-1.0,-1.0
CEP170L,-1.0,-1.0
CEP55,-1.0,-1.0
CEP72,-1.0,-1.0
CEP76,-1.0,-1.0
CER1,-1.0,-1.0
CETN1,-1.0,-1.0
CFLP1,-1.0,-1.0
CG030,-1.0,-1.0
CGB,-1.0,-1.0
CGB1,-1.0,-1.0
CGB2,-1.0,-1.0
CGB5,-1.0,-1.0
CGB7,-1.0,-1.0
CGB8,-1.0,-1.0
CGREF1,-1.0,-1.0
CHAC1,-1.0,-1.0
CHAC2,-1.0,-1.0
CHAF1B,-1.0,-1.0
CHAT,-1.0,-1.0
CHEK1,-1.0,-1.0
CHEK2,-1.0,-1.0
CHIT1,-1.0,-1.0
CHRNA1,-1.0,-1.0
CHRNA10,-1.0,-1.0
CHRNA3,-1.0,-1.0
CHRNA5,-1.0,-1.0
CHRNA6,-1.0,-1.0
CHRNA9,-1.0,-1.0
CHRNB2,-1.0,-1.0
CHRNB4,-1.0,-1.0
CHRND,-1.0,-1.0
CHRNG,-1.0,-1.0
CHST1,-1.0,-1.0
CHST13,-1.0,-1.0
CHST6,-1.0,-1.0
CHTF18,-1.0,-1.0
CIB2,-1.0,-1.0
CIB3,-1.0,-1.0
CIDECP,-1.0,-1.0
CILP2,-1.0,-1.0
CITED1,-1.0,-1.0
CKAP2L,-1.0,-1.0
CLCN2,-1.0,-1.0
CLDN22,-1.0,-1.0
CLDN25,-1.0,-1.0
CLDN6,-1.0,-1.0
CLDN9,-1.0,-1.0
CLEC12B,-1.0,-1.0
CLEC18A,-1.0,-1.0
CLEC18B,-1.0,-1.0
CLEC18C,-1.0,-1.0
CLEC2A,-1.0,-1.0
CLEC4A,-1.0,-1.0
CLEC4D,-1.0,-1.0
CLEC5A,-1.0,-1.0
CLEC6A,-1.0,-1.0
CLECL1,-1.0,-1.0
CLK2P,-1.0,-1.0
CLLU1OS,-1.0,-1.0
CLSPN,-1.0,-1.0
CLVS1,-1.0,-1.0
CMTM1,-1.0,-1.0
CN5H6.4,-1.0,-1.0
CNBD1,-1.0,-1.0
CNGA2,-1.0,-1.0
CNGB3,-1.0,-1.0
CNIH2,-1.0,-1.0
CNPY1,-1.0,-1.0
CNTD1,-1.0,-1.0
CNTD2,-1.0,-1.0
CNTF,-1.0,-1.0
CNTNAP4,-1.0,-1.0
CNTNAP5,-1.0,-1.0
COCH,-1.0,-1.0
COL10A1,-1.0,-1.0
COL11A2,-1.0,-1.0
COL20A1,-1.0,-1.0
COL22A1,-1.0,-1.0
COL24A1,-1.0,-1.0
COL2A1,-1.0,-1.0
COL6A4P2,-1.0,-1.0
COL9A1,-1.0,-1.0
COMP,-1.0,-1.0
COQ3,-1.0,-1.0
COX6B2,-1.0,-1.0
COX7B2,-1.0,-1.0
COX8C,-1.0,-1.0
CPA4,-1.0,-1.0
CPA5,-1.0,-1.0
CPA6,-1.0,-1.0
CPLX2,-1.0,-1.0
CPLX4,-1.0,-1.0
CPNE7,-1.0,-1.0
CPNE9,-1.0,-1.0
CPSF4L,-1.0,-1.0
CPT1C,-1.0,-1.0
CPXCR1,-1.0,-1.0
CPXM1,-1.0,-1.0
CR1L,-1.0,-1.0
CREG2,-1.0,-1.0
CRISPLD1,-1.0,-1.0
CRLF2,-1.0,-1.0
CROCCL2,-1.0,-1.0
CRYBA1,-1.0,-1.0
CRYBA2,-1.0,-1.0
CRYBA4,-1.0,-1.0
CRYBB1,-1.0,-1.0
CRYBB2,-1.0,-1.0
CRYGA,-1.0,-1.0
CRYGB,-1.0,-1.0
CRYGC,-1.0,-1.0
CRYGS,-1.0,-1.0
CSAG1,-1.0,-1.0
CSAG2,-1.0,-1.0
CSAG3,-1.0,-1.0
CSDAP1,-1.0,-1.0
CSF2,-1.0,-1.0
CSH1,-1.0,-1.0
CSH2,-1.0,-1.0
CSMD2,-1.0,-1.0
CSRP3,-1.0,-1.0
CST1,-1.0,-1.0
CST2,-1.0,-1.0
CST4,-1.0,-1.0
CST9L,-1.0,-1.0
CSTL1,-1.0,-1.0
CT45A1,-1.0,-1.0
CT45A2,-1.0,-1.0
CT45A3,-1.0,-1.0
CT45A4,-1.0,-1.0
CT45A5,-1.0,-1.0
CT45A6,-1.0,-1.0
CT47A1,-1.0,-1.0
CT47A10,-1.0,-1.0
CT47A11,-1.0,-1.0
CT47A2,-1.0,-1.0
CT47A7,-1.0,-1.0
CT47A9,-1.0,-1.0
CT47B1,-1.0,-1.0
CTAG1B,-1.0,-1.0
CTAG2,-1.0,-1.0
CTAGE4,-1.0,-1.0
CTAGE6,-1.0,-1.0
CTAGE9,-1.0,-1.0
CTCFL,-1.0,-1.0
CTLA4,-1.0,-1.0
CTRL,-1.0,-1.0
CTSL2,-1.0,-1.0
CTSL3,-1.0,-1.0
CTU1,-1.0,-1.0
CTXN1,-1.0,-1.0
CTXN2,-1.0,-1.0
CUZD1,-1.0,-1.0
CXADRP2,-1.0,-1.0
CXADRP3,-1.0,-1.0
CXCL11,-1.0,-1.0
CXCL13,-1.0,-1.0
CXCL9,-1.0,-0.9999721050262451
CXCR2P1,-1.0,-1.0
CXCR3,-1.0,-1.0
CXorf22,-1.0,-1.0
CXorf27,-1.0,-1.0
CXorf30,-1.0,-1.0
CXorf48,-1.0,-1.0
CXorf49B,-1.0,-1.0
CXorf51,-1.0,-1.0
CXorf59,-1.0,-1.0
CXorf61,-1.0,-1.0
CXorf64,-1.0,-1.0
CXorf65,-1.0,-1.0
CYB5RL,-1.0,-1.0
CYCSP52,-1.0,-1.0
CYLC1,-1.0,-1.0
CYorf15B,-1.0,-1.0
CYP19A1,-1.0,-1.0
CYP26A1,-1.0,-1.0
CYP26C1,-1.0,-1.0
CYP27B1,-1.0,-1.0
CYP2D6,-1.0,-1.0
CYP2D7P1,-1.0,-1.0
CYP2W1,-1.0,-1.0
DAD1L,-1.0,-1.0
DAND5,-1.0,-1.0
DAZ4,-1.0,-1.0
DAZL,-1.0,-1.0
DBF4B,-1.0,-1.0
DBX1,-1.0,-1.0
DCAF4L1,-1.0,-1.0
DCAF4L2,-1.0,-1.0
DCAF8L1,-1.0,-1.0
DCAF8L2,-1.0,-1.0
DCLK3,-1.0,-1.0
DCLRE1B,-1.0,-1.0
DCST1,-1.0,-1.0
DCST2,-1.0,-1.0
DDI1,-1.0,-1.0
DDN,-1.0,-1.0
DDX11L2,-1.0,-1.0
DDX12,-1.0,-1.0
DDX26B,-1.0,-1.0
DDX4,-1.0,-1.0
DDX53,-1.0,-1.0
DEC1,-1.0,-1.0
DEFB103B,-1.0,-1.0
DEFB119,-1.0,-1.0
DEFB122,-1.0,-1.0
DEFB123,-1.0,-1.0
DEFB126,-1.0,-1.0
DEM1,-1.0,-1.0
DEPDC1,-1.0,-1.0
DEPDC1B,-1.0,-1.0
DEPDC4,-1.0,-1.0
DERL3,-1.0,-1.0
DFFB,-1.0,-1.0
DGAT2L6,-1.0,-1.0
DGCR10,-1.0,-1.0
DGCR5,-1.0,-1.0
DGCR9,-1.0,-1.0
DGKK,-1.0,-1.0
DHRS2,-1.0,-1.0
DHX40P1,-1.0,-1.0
DIAPH3,-1.0,-1.0
DIRC1,-1.0,-1.0
DISC1,-1.0,-1.0
DISC2,-1.0,-1.0
DISP2,-1.0,-1.0
DKFZp434J0226,-1.0,-1.0
DKFZP434K028,-1.0,-1.0
DKFZP434L187,-1.0,-1.0
DKFZp434L192,-1.0,-1.0
DKFZp686A1627,-1.0,-1.0
DKFZP686I15217,-1.0,-1.0
DKFZp686O24166,-1.0,-1.0
DKKL1,-1.0,-1.0
DLEU1,-1.0,-1.0
DLEU2,-1.0,-1.0
DLEU2L,-1.0,-1.0
DLEU7,-1.0,-1.0
DLGAP3,-1.0,-1.0
DLGAP5,-1.0,-1.0
DLK2,-1.0,-1.0
DLL3,-1.0,-1.0
DLX1,-1.0,-1.0
DLX2,-1.0,-1.0
DLX3,-1.0,-1.0
DLX4,-1.0,-1.0
DLX5,-1.0,-1.0
DLX6,-1.0,-1.0
DLX6AS,-1.0,-1.0
DMBX1,-1.0,-1.0
DMC1,-1.0,-1.0
DMP1,-1.0,-1.0
DMRT1,-1.0,-1.0
DMRT3,-1.0,-1.0
DMRTA2,-1.0,-1.0
DMRTB1,-1.0,-1.0
DMRTC2,-1.0,-1.0
DNA2,-1.0,-1.0
DNAH14,-1.0,-1.0
DNAH17,-1.0,-1.0
DNAH2,-1.0,-1.0
DNAH3,-1.0,-1.0
DNAJB13,-1.0,-1.0
DNAJB7,-1.0,-1.0
DNAJB8,-1.0,-1.0
DNAJC25-GNG10,-1.0,-1.0
DNAJC5B,-1.0,-1.0
DNASE1L2,-1.0,-1.0
DND1,-1.0,-1.0
DNLZ,-1.0,-1.0
DNM1P35,-1.0,-1.0
DNMT3B,-1.0,-1.0
DNTT,-1.0,-1.0
DOC2A,-1.0,-1.0
DONSON,-1.0,-1.0
DPEP3,-1.0,-1.0
DPF1,-1.0,-1.0
DPH3B,-1.0,-1.0
DPPA2,-1.0,-1.0
DPPA3,-1.0,-1.0
DPPA5,-1.0,-1.0
DPRX,-1.0,-1.0
DPRXP4,-1.0,-1.0
DPY19L2P1,-1.0,-1.0
DPY19L2P2,-1.0,-1.0
DPYSL4,-1.0,-1.0
DPYSL5,-1.0,-1.0
DQX1,-1.0,-1.0
DRD2,-1.0,-1.0
DRGX,-1.0,-1.0
DRP2,-1.0,-1.0
DSCC1,-1.0,-1.0
DSCR10,-1.0,-1.0
DSCR4,-1.0,-1.0
DSCR6,-1.0,-1.0
DSCR8,-1.0,-1.0
DSCR9,-1.0,-1.0
DSG4,-1.0,-1.0
DSPP,-1.0,-1.0
DTL,-1.0,-1.0
DUS4L,-1.0,-1.0
DUSP13,-1.0,-1.0
DUSP15,-1.0,-1.0
DUSP18,-1.0,-1.0
DUSP27,-1.0,-1.0
DUSP28,-1.0,-1.0
DUSP5P,-1.0,-1.0
DUSP9,-1.0,-1.0
DUX4,-1.0,-1.0
DVWA,-1.0,-1.0
DYSFIP1,-1.0,-1.0
DYTN,-1.0,-1.0
DYX1C1,-1.0,-1.0
E2F1,-1.0,-1.0
E2F2,-1.0,-1.0
E2F5,-1.0,-1.0
E2F7,-1.0,-1.0
E2F8,-1.0,-1.0
EBI3,-1.0,-1.0
ECE2,-1.0,-1.0
ECEL1,-1.0,-1.0
EDA2R,-1.0,-1.0
EDARADD,-1.0,-1.0
EFCAB10,-1.0,-1.0
EFCAB3,-1.0,-1.0
EFCAB4A,-1.0,-1.0
EFCAB4B,-1.0,-1.0
EFNA2,-1.0,-1.0
EFNA3,-1.0,-1.0
EFNA4,-1.0,-1.0
EGFL6,-1.0,-1.0
EGR4,-1.0,-1.0
EIF2C3,-1.0,-1.0
EIF3IP1,-1.0,-1.0
EIF4E1B,-1.0,-1.0
ELAVL2,-1.0,-1.0
ELFN1,-1.0,-1.0
ELFN2,-1.0,-1.0
ELL3,-1.0,-1.0
ELOVL2,-1.0,-1.0
ELOVL3,-1.0,-1.0
ELP2P,-1.0,-1.0
ELSPBP1,-1.0,-1.0
EME1,-1.0,-1.0
EME2,-1.0,-1.0
EMR1,-1.0,-1.0
EMR2,-1.0,-1.0
EMR4P,-1.0,-1.0
EN1,-1.0,-1.0
EN2,-1.0,-1.0
ENKUR,-1.0,-1.0
ENO3,-1.0,-1.0
ENTHD1,-1.0,-1.0
EOMES,-1.0,-1.0
EP400NL,-1.0,-1.0
EPHA10,-1.0,-1.0
EPHA8,-1.0,-1.0
EPHX3,-1.0,-1.0
EPHX4,-1.0,-1.0
EPOR,-1.0,-1.0
EPR1,-1.0,-1.0
EPYC,-1.0,-1.0
ERAS,-1.0,-1.0
ERCC6L,-1.0,-1.0
ERMN,-1.0,-1.0
ESCO2,-1.0,-1.0
ESM1,-1.0,-1.0
ESPL1,-1.0,-1.0
ESPNP,-1.0,-1.0
ESX1,-1.0,-1.0
ETV2,-1.0,-1.0
ETV4,-1.0,-1.0
ETV7,-1.0,-1.0
EVX1,-1.0,-1.0
EXO1,-1.0,-1.0
F2RL2,-1.0,-1.0
FABP5L3,-1.0,-1.0
FAM101A,-1.0,-1.0
FAM106A,-1.0,-1.0
FAM106C,-1.0,-1.0
FAM111B,-1.0,-1.0
FAM113B,-1.0,-1.0
FAM122C,-1.0,-1.0
FAM131C,-1.0,-1.0
FAM132A,-1.0,-1.0
FAM133A,-1.0,-1.0
FAM136B,-1.0,-1.0
FAM155B,-1.0,-1.0
FAM157A,-1.0,-1.0
FAM157B,-1.0,-1.0
FAM158A,-1.0,-1.0
FAM159A,-1.0,-1.0
FAM166A,-1.0,-1.0
FAM171A2,-1.0,-1.0
FAM173A,-1.0,-1.0
FAM178B,-1.0,-1.0
FAM182B,-1.0,-1.0
FAM183A,-1.0,-1.0
FAM183B,-1.0,-1.0
FAM186A,-1.0,-1.0
FAM186B,-1.0,-1.0
FAM194A,-1.0,-1.0
FAM197Y2,-1.0,-1.0
FAM19A3,-1.0,-1.0
FAM19A5,-1.0,-1.0
FAM22F,-1.0,-1.0
FAM22G,-1.0,-1.0
FAM24B,-1.0,-1.0
FAM26F,-1.0,-1.0
FAM27B,-1.0,-1.0
FAM27C,-1.0,-1.0
FAM27L,-1.0,-1.0
FAM40B,-1.0,-1.0
FAM41AY1,-1.0,-1.0
FAM41C,-1.0,-1.0
FAM47A,-1.0,-1.0
FAM47C,-1.0,-1.0
FAM53A,-1.0,-1.0
FAM54A,-1.0,-1.0
FAM57B,-1.0,-1.0
FAM58B,-1.0,-1.0
FAM64A,-1.0,-1.0
FAM66D,-1.0,-1.0
FAM71B,-1.0,-1.0
FAM71D,-1.0,-1.0
FAM71E1,-1.0,-1.0
FAM71E2,-1.0,-1.0
FAM71F1,-1.0,-1.0
FAM71F2,-1.0,-1.0
FAM72A,-1.0,-1.0
FAM72B,-1.0,-1.0
FAM72D,-1.0,-1.0
FAM75A2,-1.0,-1.0
FAM75A3,-1.0,-1.0
FAM75A5,-1.0,-1.0
FAM75C1,-1.0,-1.0
FAM78A,-1.0,-1.0
FAM81A,-1.0,-1.0
FAM83A,-1.0,-1.0
FAM83C,-1.0,-1.0
FAM83D,-1.0,-1.0
FAM86B2,-1.0,-1.0
FAM86C,-1.0,-1.0
FAM86D,-1.0,-1.0
FAM90A1,-1.0,-1.0
FAM90A7,-1.0,-1.0
FAM9A,-1.0,-1.0
FAM9C,-1.0,-1.0
FANCA,-1.0,-1.0
FANCB,-1.0,-1.0
FANCD2,-1.0,-1.0
FANCE,-1.0,-1.0
FANCM,-1.0,-1.0
FAP,-1.0,-1.0
FASLG,-1.0,-1.0
FASTKD3,-1.0,-1.0
FATE1,-1.0,-1.0
FBF1,-1.0,-1.0
FBLL1,-1.0,-1.0
FBN2,-1.0,-1.0
FBN3,-1.0,-1.0
FBXL16,-1.0,-1.0
FBXL8,-1.0,-1.0
FBXO22OS,-1.0,-1.0
FBXO24,-1.0,-1.0
FBXO39,-1.0,-1.0
FBXO41,-1.0,-1.0
FBXO43,-1.0,-1.0
FBXO47,-1.0,-1.0
FBXO5,-1.0,-1.0
FBXW10,-1.0,-1.0
FBXW12,-1.0,-1.0
FCGR1A,-1.0,-1.0
FCGR1B,-1.0,-1.0
FCGR1C,-1.0,-1.0
FCHO1,-1.0,-1.0
FCRLA,-1.0,-1.0
FCRLB,-1.0,-1.0
FDPSL2A,-1.0,-1.0
FDXACB1,-1.0,-1.0
FER1L4,-1.0,-1.0
FEZF1,-1.0,-1.0
FFAR2,-1.0,-1.0
FGF11,-1.0,-1.0
FGF17,-1.0,-1.0
FGF19,-1.0,-1.0
FGF20,-1.0,-1.0
FGF23,-1.0,-1.0
FGF3,-1.0,-1.0
FGF4,-1.0,-1.0
FGF8,-1.0,-1.0
FHAD1,-1.0,-1.0
FIBCD1,-1.0,-1.0
FIGNL1,-1.0,-1.0
FJX1,-1.0,-1.0
FKBP6,-1.0,-1.0
FKBP9L,-1.0,-1.0
FKBPL,-1.0,-1.0
FKSG29,-1.0,-1.0
FLJ10213,-1.0,-1.0
FLJ10661,-1.0,-1.0
FLJ12825,-1.0,-1.0
FLJ13224,-1.0,-1.0
FLJ14107,-1.0,-1.0
FLJ16779,-1.0,-1.0
FLJ22536,-1.0,-1.0
FLJ25363,-1.0,-1.0
FLJ25758,-1.0,-1.0
FLJ30679,-1.0,-1.0
FLJ36000,-1.0,-1.0
FLJ37201,-1.0,-1.0
FLJ39653,-1.0,-1.0
FLJ39739,-1.0,-1.0
FLJ40292,-1.0,-1.0
FLJ40434,-1.0,-1.0
FLJ40504,-1.0,-1.0
FLJ42393,-1.0,-1.0
FLJ42627,-1.0,-1.0
FLJ43860,-1.0,-1.0
FLJ43950,-1.0,-1.0
FLJ44054,-1.0,-1.0
FLJ44606,-1.0,-1.0
FLJ45079,-1.0,-1.0
FLJ45244,-1.0,-1.0
FLJ45445,-1.0,-1.0
FLJ46111,-1.0,-1.0
FLJ46321,-1.0,-1.0
FMR1NB,-1.0,-1.0
FNDC1,-1.0,-1.0
FNDC7,-1.0,-1.0
FNDC8,-1.0,-1.0
FOXB1,-1.0,-1.0
FOXB2,-1.0,-1.0
FOXD1,-1.0,-1.0
FOXD2,-1.0,-1.0
FOXD4,-1.0,-1.0
FOXD4L1,-1.0,-1.0
FOXD4L2,-1.0,-1.0
FOXD4L3,-1.0,-1.0
FOXD4L5,-1.0,-1.0
FOXD4L6,-1.0,-1.0
FOXE1,-1.0,-1.0
FOXE3,-1.0,-1.0
FOXG1,-1.0,-1.0
FOXH1,-1.0,-1.0
FOXI3,-1.0,-1.0
FOXJ1,-1.0,-1.0
FOXL1,-1.0,-1.0
FOXL2,-1.0,-1.0
FOXM1,-1.0,-1.0
FOXN4,-1.0,-1.0
FOXP3,-1.0,-1.0
FOXR1,-1.0,-1.0
FOXR2,-1.0,-1.0
FOXS1,-1.0,-1.0
FRS3,-1.0,-1.0
FSD1,-1.0,-1.0
FTHL17,-1.0,-1.0
FUT5,-1.0,-1.0
FUT7,-1.0,-1.0
FXYD7,-1.0,-1.0
FZD2,-1.0,-1.0
FZD9,-1.0,-1.0
GAB4,-1.0,-1.0
GABRA3,-1.0,-1.0
GABRD,-1.0,-1.0
GABRE,-1.0,-1.0
GABRG3,-1.0,-1.0
GABRQ,-1.0,-1.0
GABRR1,-1.0,-1.0
GABRR2,-1.0,-1.0
GABRR3,-1.0,-1.0
GAD1,-1.0,-1.0
GAD2,-1.0,-1.0
GAGE1,-1.0,-1.0
GAGE10,-1.0,-1.0
GAGE12D,-1.0,-1.0
GAGE12F,-1.0,-1.0
GAGE12J,-1.0,-1.0
GAGE13,-1.0,-1.0
GAGE2A,-1.0,-1.0
GAGE2B,-1.0,-1.0
GAGE2C,-1.0,-1.0
GAGE2D,-1.0,-1.0
GAGE2E,-1.0,-1.0
GAGE4,-1.0,-1.0
GAGE8,-1.0,-1.0
GAL3ST2,-1.0,-1.0
GAL3ST4,-1.0,-1.0
GALNT14,-1.0,-1.0
GALNT8,-1.0,-1.0
GALP,-1.0,-1.0
GALR2,-1.0,-1.0
GALR3,-1.0,-1.0
GAP43,-1.0,-1.0
GAPDHS,-1.0,-1.0
GAS2L3,-1.0,-1.0
GAST,-1.0,-1.0
GATC,-1.0,-1.0
GATSL1,-1.0,-1.0
GATSL2,-1.0,-1.0
GBGT1,-1.0,-1.0
GBP5,-1.0,-0.9999096989631653
GBX1,-1.0,-1.0
GBX2,-1.0,-1.0
GCM2,-1.0,-1.0
GCNT7,-1.0,-1.0
GDAP1L1,-1.0,-1.0
GDF1,-1.0,-1.0
GDF9,-1.0,-1.0
GDPD2,-1.0,-1.0
GEMIN8P4,-1.0,-1.0
GEN1,-1.0,-1.0
GFAP,-1.0,-1.0
GFI1,-1.0,-1.0
GGN,-1.0,-1.0
GGNBP1,-1.0,-1.0
GH2,-1.0,-1.0
GHRH,-1.0,-1.0
GHRHR,-1.0,-1.0
GHRLOS,-1.0,-1.0
GINS1,-1.0,-1.0
GINS2,-1.0,-1.0
GINS3,-1.0,-1.0
GINS4,-1.0,-1.0
GIP,-1.0,-1.0
GJA10,-1.0,-1.0
GJA3,-1.0,-1.0
GJA9,-1.0,-1.0
GJB4,-1.0,-1.0
GJB7,-1.0,-1.0
GJD4,-1.0,-1.0
GK2,-1.0,-1.0
GLI4,-1.0,-1.0
GLRA1,-1.0,-1.0
GLRA3,-1.0,-1.0
GMEB1,-1.0,-1.0
GNASAS,-1.0,-1.0
GNAT2,-1.0,-1.0
GNAT3,-1.0,-1.0
GNB1L,-1.0,-1.0
GNG13,-1.0,-1.0
GNG3,-1.0,-1.0
GNG4,-1.0,-1.0
GNG8,-1.0,-1.0
GNRH1,-1.0,-1.0
GOLGA6L1,-1.0,-1.0
GOLGA6L10,-1.0,-1.0
GOLGA6L6,-1.0,-1.0
GOLGA6L9,-1.0,-1.0
GOLGA7B,-1.0,-1.0
GOLGA8C,-1.0,-1.0
GOLGA8DP,-1.0,-1.0
GOLGA8E,-1.0,-1.0
GOLGA8G,-1.0,-1.0
GP6,-1.0,-1.0
GPC2,-1.0,-1.0
GPR111,-1.0,-1.0
GPR114,-1.0,-1.0
GPR115,-1.0,-1.0
GPR139,-1.0,-1.0
GPR141,-1.0,-1.0
GPR143,-1.0,-1.0
GPR150,-1.0,-1.0
GPR151,-1.0,-1.0
GPR152,-1.0,-1.0
GPR156,-1.0,-1.0
GPR161,-1.0,-1.0
GPR172B,-1.0,-1.0
GPR173,-1.0,-1.0
GPR179,-1.0,-1.0
GPR19,-1.0,-1.0
GPR3,-1.0,-1.0
GPR32,-1.0,-1.0
GPR37,-1.0,-1.0
GPR37L1,-1.0,-1.0
GPR45,-1.0,-1.0
GPR50,-1.0,-1.0
GPR52,-1.0,-1.0
GPR61,-1.0,-1.0
GPR78,-1.0,-1.0
GPR82,-1.0,-1.0
GPR84,-1.0,-1.0
GPR85,-1.0,-1.0
GPR89C,-1.0,-1.0
GPRC5D,-1.0,-1.0
GPRIN1,-1.0,-1.0
GPX6,-1.0,-1.0
GRHL3,-1.0,-1.0
GRIN1,-1.0,-1.0
GRIN2C,-1.0,-1.0
GRIN2D,-1.0,-1.0
GRIN3B,-1.0,-1.0
GRK7,-1.0,-1.0
GRM2,-1.0,-1.0
GRM4,-1.0,-1.0
GRM8,-1.0,-1.0
GRP,-1.0,-1.0
GRPR,-1.0,-1.0
GSC,-1.0,-1.0
GSC2,-1.0,-1.0
GSDMA,-1.0,-1.0
GSDMC,-1.0,-1.0
GSG2,-1.0,-1.0
GSTTP1,-1.0,-1.0
GSTTP2,-1.0,-1.0
GSX1,-1.0,-1.0
GSX2,-1.0,-1.0
GTF2H2,-1.0,-1.0
GTF2H2B,-1.0,-1.0
GTPBP8,-1.0,-1.0
GTSE1,-1.0,-1.0
GTSF1,-1.0,-1.0
GTSF1L,-1.0,-1.0
GUCA1A,-1.0,-1.0
GUCY1B2,-1.0,-1.0
GUCY2D,-1.0,-1.0
GUCY2E,-1.0,-1.0
GUCY2F,-1.0,-1.0
GUCY2GP,-1.0,-1.0
GUSBL1,-1.0,-1.0
GUSBL2,-1.0,-1.0
GUSBP1,-1.0,-1.0
GUSBP3,-1.0,-1.0
GYLTL1B,-1.0,-1.0
GYPB,-1.0,-1.0
GZMA,-1.0,-1.0
H1FOO,-1.0,-1.0
H2AFB1,-1.0,-1.0
H2BFM,-1.0,-1.0
H2BFWT,-1.0,-1.0
H2BFXP,-1.0,-1.0
HAP1,-1.0,-1.0
HAPLN1,-1.0,-1.0
HAPLN3,-1.0,-1.0
HAR1B,-1.0,-1.0
HARBI1,-1.0,-1.0
HAUS8,-1.0,-1.0
HAVCR1,-1.0,-1.0
HBBP1,-1.0,-1.0
HBQ1,-1.0,-1.0
HCG26,-1.0,-1.0
HCG27,-1.0,-1.0
HCG9,-1.0,-1.0
HCN2,-1.0,-1.0
HCN3,-1.0,-1.0
HCN4,-1.0,-1.0
HCRT,-1.0,-1.0
HDGFL1,-1.0,-1.0
HELB,-1.0,-1.0
HELLS,-1.0,-1.0
HEPHL1,-1.0,-1.0
HERC2P4,-1.0,-1.0
HES5,-1.0,-1.0
HES7,-1.0,-1.0
HESRG,-1.0,-1.0
HESX1,-1.0,-1.0
HEXIM2,-1.0,-1.0
HGC6.3,-1.0,-1.0
HHIPL1,-1.0,-1.0
HHIPL2,-1.0,-1.0
HHLA1,-1.0,-1.0
HHLA3,-1.0,-1.0
HIATL2,-1.0,-1.0
HIC2,-1.0,-1.0
HIGD2B,-1.0,-1.0
HILS1,-1.0,-1.0
HIST1H1A,-1.0,-1.0
HIST1H1B,-1.0,-1.0000241994857788
HIST1H1D,-1.0,-1.0
HIST1H1E,-1.0,-1.0007296800613403
HIST1H1T,-1.0,-1.0
HIST1H2AB,-1.0,-1.0
HIST1H2AD,-1.0,-1.0
HIST1H2AE,-1.0,-1.0
HIST1H2AG,-1.0,-0.9999546408653259
HIST1H2AH,-1.0,-1.0
HIST1H2AJ,-1.0,-1.0
HIST1H2AK,-1.0,-1.0
HIST1H2AL,-1.0,-1.0
HIST1H2AM,-1.0,-1.0
HIST1H2BA,-1.0,-1.0
HIST1H2BB,-1.0,-1.0
HIST1H2BC,-1.0,-1.0
HIST1H2BE,-1.0,-1.0
HIST1H2BF,-1.0,-1.0
HIST1H2BG,-1.0,-1.0
HIST1H2BH,-1.0,-1.0
HIST1H2BI,-1.0,-1.0
HIST1H2BJ,-1.0,-1.0
HIST1H2BL,-1.0,-1.0
HIST1H2BM,-1.0,-1.0
HIST1H2BN,-1.0,-1.0
HIST1H2BO,-1.0,-1.0
HIST1H3A,-1.0,-1.0
HIST1H3B,-1.0,-1.0
HIST1H3C,-1.0,-1.0
HIST1H3D,-1.0,-1.0
HIST1H3E,-1.0,-1.0
HIST1H3F,-1.0,-1.0
HIST1H3G,-1.0,-1.0
HIST1H3H,-1.0,-1.0
HIST1H3I,-1.0,-1.0
HIST1H3J,-1.0,-1.0
HIST1H4A,-1.0,-1.0
HIST1H4B,-1.0,-1.0
HIST1H4C,-1.0,-1.0008127689361572
HIST1H4D,-1.0,-1.0002338886260986
HIST1H4E,-1.0,-1.0004897117614746
HIST1H4F,-1.0,-1.0
HIST1H4H,-1.0,-1.0
HIST1H4I,-1.0,-1.0
HIST1H4J,-1.0,-1.0
HIST1H4K,-1.0,-1.0
HIST1H4L,-1.0,-1.0
HIST2H2AB,-1.0,-1.0
HIST2H2AC,-1.0,-1.0
HIST2H2BF,-1.0,-1.0
HIST2H3C,-1.0,-1.0
HIST2H3D,-1.0,-1.0
HIST3H2A,-1.0,-1.0
HIST3H2BB,-1.0,-1.0
HIST3H3,-1.0,-1.0
HIST4H4,-1.0,-1.0
HJURP,-1.0,-1.0
HK3,-1.0,-1.0
HLA-DPB2,-1.0,-1.0
HLA-DQB2,-1.0,-1.0
HLA-G,-1.0,-1.0
HLA-L,-1.0,-1.0
HLX,-1.0,-1.0
HMGA2,-1.0,-1.0
HMGB3L1,-1.0,-1.0
HMGB4,-1.0,-1.0
HMHB1,-1.0,-1.0
HMMR,-1.0,-1.0
HMX1,-1.0,-1.0
HMX3,-1.0,-1.0
HNRNPA3P1,-1.0,-1.0
HNRNPCL1,-1.0,-1.0
HORMAD1,-1.0,-1.0
HOTAIR,-1.0,-1.0
HOXA1,-1.0,-1.0
HOXA11,-1.0,-1.0
HOXA11AS,-1.0,-1.0
HOXA13,-1.0,-1.0
HOXA9,-1.0,-1.0
HOXB1,-1.0,-1.0
HOXB3,-1.0,-1.0
HOXB5,-1.0,-1.0
HOXB8,-1.0,-1.0
HOXC10,-1.0,-1.0
HOXC11,-1.0,-1.0
HOXC12,-1.0,-1.0
HOXC13,-1.0,-1.0
HOXC4,-1.0,-1.0
HOXC5,-1.0,-1.0
HOXC6,-1.0,-1.0
HOXC8,-1.0,-1.0
HOXC9,-1.0,-1.0
HOXD10,-1.0,-1.0
HOXD11,-1.0,-1.0
HOXD12,-1.0,-1.0
HOXD13,-1.0,-1.0
HPCA,-1.0,-1.0
HPDL,-1.0,-1.0
HPSE,-1.0,-1.0
HRASLS,-1.0,-1.0
HRH3,-1.0,-1.0
HRK,-1.0,-1.0
HS3ST2,-1.0,-1.0
HSD17B1,-1.0,-1.0
HSD17B3,-1.0,-1.0
HSD17B7P2,-1.0,-1.0
HSD3B1,-1.0,-1.0
HSF2BP,-1.0,-1.0
HSP90AB2P,-1.0,-1.0
HSP90AB4P,-1.0,-1.0
HSP90B3P,-1.0,-1.0
HSPA7,-1.0,-1.0
HSPBAP1,-1.0,-1.0
HTR1D,-1.0,-1.0
HTR1F,-1.0,-1.0
HTR2C,-1.0,-1.0
HTR3A,-1.0,-1.0
HTR6,-1.0,-1.0
HTRA4,-1.0,-1.0
HUS1B,-1.0,-1.0
HYAL3,-1.0,-1.0
HYALP1,-1.0,-1.0
HYLS1,-1.0,-1.0
IBSP,-1.0,-1.0
ICAM5,-1.0,-1.0
ICOS,-1.0,-1.0
IDI2,-1.0,-1.0
IFIT1B,-1.0,-1.0
IFITM4P,-1.0,-1.0
IFITM5,-1.0,-1.0
IFNA1,-1.0,-1.0
IFNB1,-1.0,-1.0
IFNE,-1.0,-1.0
IFNG,-1.0,-1.0
IFNK,-1.0,-1.0
IGDCC3,-1.0,-1.0
IGF2AS,-1.0,-1.0
IGF2BP1,-1.0,-1.0
IGF2BP3,-1.0,-1.0
IGFBPL1,-1.0,-1.0
IGFL1,-1.0,-1.0
IGFL2,-1.0,-1.0
IGFL3,-1.0,-1.0
IGFL4,-1.0,-1.0
IGLL1,-1.0,-1.0
IGLL3,-1.0,-1.0
IGLON5,-1.0,-1.0
IL11,-1.0,-1.0
IL12B,-1.0,-1.0
IL12RB1,-1.0,-1.0
IL12RB2,-1.0,-1.0
IL17A,-1.0,-1.0
IL17C,-1.0,-1.0
IL1A,-1.0,-1.0
IL1F10,-1.0,-1.0
IL1F5,-1.0,-1.0
IL1F7,-1.0,-1.0
IL1F8,-1.0,-1.0
IL1F9,-1.0,-1.0
IL20,-1.0,-1.0
IL21R,-1.0,-1.0
IL22RA2,-1.0,-1.0
IL24,-1.0,-1.0
IL26,-1.0,-1.0
IL28A,-1.0,-1.0
IL28B,-1.0,-1.0
IL29,-1.0,-1.0
IL2RA,-1.0,-1.0
IL31,-1.0,-1.0
IL31RA,-1.0,-1.0
IL4,-1.0,-1.0
IL4I1,-1.0,-1.0
IL8,-1.0,-1.0
IL9R,-1.0,-1.0
INE1,-1.0,-1.0
INGX,-1.0,-1.0
INHA,-1.0,-1.0
INHBE,-1.0,-1.0
INS,-1.0,-1.0
INSL3,-1.0,-1.0
INSL4,-1.0,-1.0
INSL6,-1.0,-1.0
INSM1,-1.0,-1.0
INSM2,-1.0,-1.0
INTS4L1,-1.0,-1.0
INTS4L2,-1.0,-1.0
IQCC,-1.0,-1.0
IQCD,-1.0,-1.0
IQCF5,-1.0,-1.0
IQGAP3,-1.0,-1.0
IRGC,-1.0,-1.0
IRGM,-1.0,-1.0
IRX4,-1.0,-1.0
ISL2,-1.0,-1.0
ISM2,-1.0,-1.0
ISX,-1.0,-1.0
ITGA2B,-1.0,-1.0
ITGAD,-1.0,-1.0
ITIH5L,-1.0,-1.0
ITPKA,-1.0,-1.0
ITPRIPL1,-1.0,-1.0
IVL,-1.0,-1.0
JAKMIP1,-1.0,-1.0
JPH1,-1.0,-1.0
JPH3,-1.0,-1.0
JSRP1,-1.0,-1.0
KAAG1,-1.0,-1.0
KAL1,-1.0,-1.0
KATNAL2,-1.0,-1.0
KC6,-1.0,-1.0
KCNA7,-1.0,-1.0
KCNAB3,-1.0,-1.0
KCNC3,-1.0,-1.0
KCND1,-1.0,-1.0
KCNE1L,-1.0,-1.0
KCNF1,-1.0,-1.0
KCNG1,-1.0,-1.0
KCNG2,-1.0,-1.0
KCNG4,-1.0,-1.0
KCNH4,-1.0,-1.0
KCNH8,-1.0,-1.0
KCNJ14,-1.0,-1.0
KCNJ4,-1.0,-1.0
KCNK12,-1.0,-1.0
KCNK4,-1.0,-1.0
KCNK7,-1.0,-1.0
KCNK9,-1.0,-1.0
KCNMB3,-1.0,-1.0
KCNN1,-1.0,-1.0
KCNQ1DN,-1.0,-1.0
KCNQ1OT1,-1.0,-1.0
KCNQ2,-1.0,-1.0
KCNS1,-1.0,-1.0
KCNT1,-1.0,-1.0
KCNU1,-1.0,-1.0
KCP,-1.0,-1.0
KCTD19,-1.0,-1.0
KDELC1,-1.0,-1.0
KDM4D,-1.0,-1.0
KHDC1,-1.0,-1.0
KHDC1L,-1.0,-1.0
KIAA0101,-1.0,-1.0
KIAA0319,-1.0,-1.0
KIAA0802,-1.0,-1.0
KIAA1024,-1.0,-1.0
KIAA1199,-1.0,-1.0
KIAA1211,-1.0,-1.0
KIAA1257,-1.0,-1.0
KIAA1524,-1.0,-1.0
KIAA1530,-1.0,-1.0
KIAA1586,-1.0,-1.0
KIAA1751,-1.0,-1.0
KIAA1804,-1.0,-1.0
KIAA1841,-1.0,-1.0
KIAA1875,-1.0,-1.0
KIAA1984,-1.0,-1.0
KIF11,-1.0,-1.0
KIF14,-1.0,-1.0
KIF15,-1.0,-1.0
KIF18A,-1.0,-1.0
KIF18B,-1.0,-1.0
KIF20A,-1.0,-1.0
KIF21B,-1.0,-1.0
KIF23,-1.0,-1.0
KIF24,-1.0,-1.0
KIF25,-1.0,-1.0
KIF26B,-1.0,-1.0
KIF2C,-1.0,-1.0
KIF4A,-1.0,-1.0
KIF4B,-1.0,-1.0
KIF7,-1.0,-1.0
KIFC1,-1.0,-1.0
KIR2DL1,-1.0,-1.0
KIR2DL4,-1.0,-1.0
KIR2DS4,-1.0,-1.0
KIR3DL3,-1.0,-1.0
KIR3DP1,-1.0,-1.0
KIRREL2,-1.0,-1.0
KISS1,-1.0,-1.0
KISS1R,-1.0,-1.0
KLC3,-1.0,-1.0
KLF1,-1.0,-1.0
KLHDC7B,-1.0,-1.0
KLHDC8A,-1.0,-1.0
KLHL17,-1.0,-1.0
KLHL31,-1.0,-1.0
KLHL35,-1.0,-1.0
KLK14,-1.0,-1.0
KLK4,-1.0,-1.0
KLK6,-1.0,-1.0
KLK8,-1.0,-1.0
KLK9,-1.0,-1.0
KLKP1,-1.0,-1.0
KLRA1,-1.0,-1.0
KLRC2,-1.0,-1.0
KLRC3,-1.0,-1.0
KNTC1,-1.0,-1.0
KPNA7,-1.0,-1.0
KPTN,-1.0,-1.0
KREMEN2,-1.0,-1.0
KRT25,-1.0,-1.0
KRT28,-1.0,-1.0
KRT31,-1.0,-1.0
KRT33B,-1.0,-1.0
KRT34,-1.0,-1.0
KRT36,-1.0,-1.0
KRT37,-1.0,-1.0
KRT38,-1.0,-1.0
KRT39,-1.0,-1.0
KRT71,-1.0,-1.0
KRT74,-1.0,-1.0
KRT75,-1.0,-1.0
KRT78,-1.0,-1.0
KRT81,-1.0,-1.0
KRT82,-1.0,-1.0
KRT83,-1.0,-1.0
KRT86,-1.0,-1.0
KRT9,-1.0,-1.0
KRTAP1-5,-1.0,-1.0
KRTAP10-1,-1.0,-1.0
KRTAP10-2,-1.0,-1.0
KRTAP10-3,-1.0,-1.0
KRTAP12-1,-1.0,-1.0
KRTAP19-1,-1.0,-1.0
KRTAP2-1,-1.0,-1.0
KRTAP2-4,-1.0,-1.0
KRTAP20-4,-1.0,-1.0
KRTAP21-2,-1.0,-1.0
KRTAP3-1,-1.0,-1.0
KRTAP4-1,-1.0,-1.0
KRTAP4-12,-1.0,-1.0
KRTAP5-1,-1.0,-1.0
KRTAP5-10,-1.0,-1.0
KRTAP5-2,-1.0,-1.0
KRTAP5-3,-1.0,-1.0
KRTAP5-4,-1.0,-1.0
KRTAP5-5,-1.0,-1.0
KRTAP5-6,-1.0,-1.0
KRTAP5-7,-1.0,-1.0
KRTAP5-9,-1.0,-1.0
KRTAP6-3,-1.0,-1.0
KRTAP7-1,-1.0,-1.0
L3MBTL,-1.0,-1.0
LAG3,-1.0,-1.0
LAIR2,-1.0,-1.0
LAMP3,-1.0,-1.0
LASS1,-1.0,-1.0
LASS3,-1.0,-1.0
LAT,-1.0,-1.0
LBX1,-1.0,-1.0
LBX2,-1.0,-1.0
LBXCOR1,-1.0,-1.0
LCA5L,-1.0,-1.0
LCE1B,-1.0,-1.0
LCE1C,-1.0,-1.0
LCE1D,-1.0,-1.0
LCE1E,-1.0,-1.0
LCE1F,-1.0,-1.0
LCE2A,-1.0,-1.0
LCE2C,-1.0,-1.0
LCE3D,-1.0,-1.0
LCE5A,-1.0,-1.0
LCE6A,-1.0,-1.0
LCN1,-1.0,-1.0
LCT,-1.0,-1.0
LCTL,-1.0,-1.0
LELP1,-1.0,-1.0
LEMD1,-1.0,-1.0
LENEP,-1.0,-1.0
LETM2,-1.0,-1.0
LEUTX,-1.0,-1.0
LGALS13,-1.0,-1.0
LGALS14,-1.0,-1.0
LGR5,-1.0,-1.0
LHB,-1.0,-1.0
LHFPL5,-1.0,-1.0
LHX2,-1.0,-1.0
LHX3,-1.0,-1.0
LHX4,-1.0,-1.0
LHX5,-1.0,-1.0
LHX8,-1.0,-1.0
LHX9,-1.0,-1.0
LILRA4,-1.0,-1.0
LILRA6,-1.0,-1.0
LILRB3,-1.0,-1.0
LILRP2,-1.0,-1.0
LIM2,-1.0,-1.0
LIN28A,-1.0,-1.0
LIN28B,-1.0,-1.0
LIN37,-1.0,-1.0
LIN9,-1.0,-1.0
LINGO3,-1.0,-1.0
LIPK,-1.0,-1.0
LIPT2,-1.0,-1.0
LMO1,-1.0,-1.0
LMTK3,-1.0,-1.0
LOC100009676,-1.0,-1.0
LOC100101266,-1.0,-1.0
LOC100101938,-1.0,-1.0
LOC100125556,-1.0,-1.0
LOC100127888,-1.0,-1.0
LOC100128023,-1.0,-1.0
LOC100128076,-1.0,-1.0
LOC100128191,-1.0,-1.0
LOC100128288,-1.0,-1.0
LOC100128292,-1.0,-1.0
LOC100128573,-1.0,-1.0
LOC100128788,-1.0,-1.0
LOC100128811,-1.0,-1.0
LOC100128822,-1.0,-1.0
LOC100128842,-1.0,-1.0
LOC100128977,-1.0,-1.0
LOC100129055,-1.0,-1.0
LOC100129066,-1.0,-1.0
LOC100129387,-1.0,-1.0
LOC100129637,-1.0,-1.0
LOC100129716,-1.0,-1.0
LOC100129726,-1.0,-1.0
LOC100130274,-1.0,-1.0
LOC100130331,-1.0,-1.0
LOC100130386,-1.0,-1.0
LOC100130557,-1.0,-1.0
LOC100130776,-1.0,-1.0
LOC100130932,-1.0,-1.0
LOC100131193,-1.0,-1.0
LOC100131434,-1.0,-1.0
LOC100131551,-1.0,-1.0
LOC100131691,-1.0,-1.0
LOC100131726,-1.0,-1.0
LOC100132215,-1.0,-1.0
LOC100132247,-1.0,-1.0
LOC100132354,-1.0,-1.0
LOC100132724,-1.0,-1.0
LOC100132831,-1.0,-1.0
LOC100132832,-1.0,-1.0
LOC100133050,-1.0,-1.0
LOC100133161,-1.0,-1.0
LOC100133308,-1.0,-1.0
LOC100133331,-1.0,-1.0
LOC100133469,-1.0,-1.0
LOC100133612,-1.0,-1.0
LOC100133957,-1.0,-1.0
LOC100133985,-1.0,-1.0
LOC100133991,-1.0,-1.0
LOC100134368,-1.0,-1.0
LOC100134713,-1.0,-1.0
LOC100144603,-1.0,-1.0
LOC100144604,-1.0,-1.0
LOC100170939,-1.0,-1.0
LOC100188947,-1.0,-1.0
LOC100190939,-1.0,-1.0
LOC100190940,-1.0,-1.0
LOC100190986,-1.0,-1.0
LOC100216001,-1.0,-1.0
LOC100216545,-1.0,-1.0
LOC100233209,-1.0,-1.0
LOC100240726,-1.0,-1.0
LOC100270710,-1.0,-1.0
LOC100270804,-1.0,-1.0
LOC100271831,-1.0,-1.0
LOC100271832,-1.0,-1.0
LOC100272146,-1.0,-1.0
LOC100272216,-1.0,-1.0
LOC100272217,-1.0,-1.0
LOC100272228,-1.0,-1.0
LOC100286793,-1.0,-1.0
LOC100287227,-1.0,-1.0
LOC100287704,-1.0,-1.0
LOC100302401,-1.0,-1.0
LOC115110,-1.0,-1.0
LOC116437,-1.0,-1.0
LOC127841,-1.0,-1.0
LOC143666,-1.0,-1.0
LOC144486,-1.0,-1.0
LOC145474,-1.0,-1.0
LOC145783,-1.0,-1.0
LOC146481,-1.0,-1.0
LOC147804,-1.0,-1.0
LOC148145,-1.0,-1.0
LOC148709,-1.0,-1.0
LOC149134,-1.0,-1.0
LOC150185,-1.0,-1.0
LOC150197,-1.0,-1.0
LOC150568,-1.0,-1.0
LOC151534,-1.0,-1.0
LOC151658,-1.0,-1.0
LOC152024,-1.0,-1.0
LOC152225,-1.0,-1.0
LOC153684,-1.0,-1.0
LOC153910,-1.0,-1.0
LOC157381,-1.0,-1.0
LOC157627,-1.0,-1.0
LOC162632,-1.0,-1.0
LOC168474,-1.0,-1.0
LOC200726,-1.0,-1.0
LOC220594,-1.0,-1.0
LOC220729,-1.0,-1.0
LOC220930,-1.0,-1.0
LOC221122,-1.0,-1.0
LOC221442,-1.0,-1.0
LOC222699,-1.0,-1.0
LOC254559,-1.0,-1.0
LOC255025,-1.0,-1.0
LOC256880,-1.0,-1.0
LOC282997,-1.0,-1.0
LOC283332,-1.0,-1.0
LOC283404,-1.0,-1.0
LOC283663,-1.0,-1.0
LOC283761,-1.0,-1.0
LOC283867,-1.0,-1.0
LOC283922,-1.0,-1.0
LOC283999,-1.0,-1.0
LOC284009,-1.0,-1.0
LOC284023,-1.0,-1.0
LOC284632,-1.0,-1.0
LOC284661,-1.0,-1.0
LOC284688,-1.0,-1.0
LOC284749,-1.0,-1.0
LOC284798,-1.0,-1.0
LOC284837,-1.0,-1.0
LOC284900,-1.0,-1.0
LOC285033,-1.0,-1.0
LOC285194,-1.0,-1.0
LOC285359,-1.0,-1.0
LOC285370,-1.0,-1.0
LOC285375,-1.0,-1.0
LOC285401,-1.0,-1.0
LOC285501,-1.0,-1.0
LOC285548,-1.0,-1.0
LOC285627,-1.0,-1.0
LOC285629,-1.0,-1.0
LOC285692,-1.0,-1.0
LOC285696,-1.0,-1.0
LOC285740,-1.0,-1.0
LOC285847,-1.0,-1.0
LOC286135,-1.0,-1.0
LOC286467,-1.0,-1.0
LOC338651,-1.0,-1.0
LOC339240,-1.0,-1.0
LOC339674,-1.0,-1.0
LOC339788,-1.0,-1.0
LOC340074,-1.0,-1.0
LOC340357,-1.0,-1.0
LOC341056,-1.0,-1.0
LOC344967,-1.0,-1.0
LOC347376,-1.0,-1.0
LOC348840,-1.0,-1.0
LOC348926,-1.0,-1.0
LOC349114,-1.0,-1.0
LOC360030,-1.0,-1.0
LOC374443,-1.0,-1.0
LOC374491,-1.0,-1.0
LOC388242,-1.0,-1.0
LOC388428,-1.0,-1.0
LOC388946,-1.0,-1.0
LOC389458,-1.0,-1.0
LOC389634,-1.0,-1.0
LOC389791,-1.0,-1.0
LOC390858,-1.0,-1.0
LOC392196,-1.0,-1.0
LOC399744,-1.0,-1.0
LOC399815,-1.0,-1.0
LOC400696,-1.0,-1.0
LOC400794,-1.0,-1.0
LOC400927,-1.0,-1.0
LOC400940,-1.0,-1.0
LOC401010,-1.0,-1.0
LOC401052,-1.0,-1.0
LOC401387,-1.0,-1.0
LOC401431,-1.0,-1.0
LOC407835,-1.0,-1.0
LOC440040,-1.0,-1.0
LOC440354,-1.0,-1.0
LOC440356,-1.0,-1.0
LOC440563,-1.0,-1.0
LOC440905,-1.0,-1.0
LOC441089,-1.0,-1.0
LOC441294,-1.0,-1.0
LOC441454,-1.0,-1.0
LOC442308,-1.0,-1.0
LOC442421,-1.0,-1.0
LOC442454,-1.0,-1.0
LOC442459,-1.0,-1.0
LOC494141,-1.0,-1.0
LOC541471,-1.0,-1.0
LOC541473,-1.0,-1.0
LOC595101,-1.0,-1.0
LOC606724,-1.0,-1.0
LOC613037,-1.0,-1.0
LOC619207,-1.0,-1.0
LOC641298,-1.0,-1.0
LOC641367,-1.0,-1.0
LOC642587,-1.0,-1.0
LOC642826,-1.0,-1.0
LOC642846,-1.0,-1.0
LOC643387,-1.0,-1.0
LOC643486,-1.0,-1.0
LOC643677,-1.0,-1.0
LOC643719,-1.0,-1.0
LOC643923,-1.0,-1.0
LOC643955,-1.0,-1.0
LOC644165,-1.0,-1.0
LOC644669,-1.0,-1.0
LOC645166,-1.0,-1.0
LOC645332,-1.0,-1.0
LOC645431,-1.0,-1.0
LOC645676,-1.0,-1.0
LOC646214,-1.0,-1.0
LOC646498,-1.0,-1.0
LOC646851,-1.0,-1.0
LOC647121,-1.0,-1.0
LOC647859,-1.0,-1.0
LOC647946,-1.0,-1.0
LOC648691,-1.0,-1.0
LOC649330,-1.0,-1.0
LOC650293,-1.0,-1.0
LOC652276,-1.0,-1.0
LOC653544,-1.0,-1.0
LOC653545,-1.0,-1.0
LOC653786,-1.0,-1.0
LOC723972,-1.0,-1.0
LOC727677,-1.0,-1.0
LOC727896,-1.0,-1.0
LOC727924,-1.0,-1.0
LOC728410,-1.0,-1.0
LOC728613,-1.0,-1.0
LOC728640,-1.0,-1.0
LOC728643,-1.0,-1.0
LOC728758,-1.0,-1.0
LOC728875,-1.0,-1.0
LOC729156,-1.0,-1.0
LOC729234,-1.0,-1.0
LOC729375,-1.0,-1.0
LOC729603,-1.0,-1.0
LOC729609,-1.0,-1.0
LOC729668,-1.0,-1.0
LOC729799,-1.0,-1.0
LOC729991-MEF2B,-1.0,-1.0
LOC730101,-1.0,-1.0
LOC730668,-1.0,-1.0
LOC731779,-1.0,-1.0
LOC731789,-1.0,-1.0
LOC732275,-1.0,-1.0
LOC81691,-1.0,-1.0
LOC84740,-1.0,-1.0
LOC84931,-1.0,-1.0
LOC84989,-1.0,-1.0
LOC90834,-1.0,-1.0
LOC91149,-1.0,-1.0
LOC91450,-1.0,-1.0
LOC92659,-1.0,-1.0
LOC93432,-1.0,-1.0
LOH12CR1,-1.0,-1.0
LOXL3,-1.0,-1.0
LPAR2,-1.0,-1.0
LPAR4,-1.0,-1.0
LPAR5,-1.0,-1.0
LPO,-1.0,-1.0
LPPR3,-1.0,-1.0
LPPR5,-1.0,-1.0
LQK1,-1.0,-1.0
LRFN1,-1.0,-1.0
LRGUK,-1.0,-1.0
LRIT2,-1.0,-1.0
LRP5L,-1.0,-1.0
LRRC10,-1.0,-1.0
LRRC14B,-1.0,-1.0
LRRC15,-1.0,-1.0
LRRC16B,-1.0,-1.0
LRRC24,-1.0,-1.0
LRRC25,-1.0,-1.0
LRRC36,-1.0,-1.0
LRRC46,-1.0,-1.0
LRRC56,-1.0,-1.0
LRRC69,-1.0,-1.0
LRRC8E,-1.0,-1.0
LRRIQ4,-1.0,-1.0
LRTM2,-1.0,-1.0
LTA,-1.0,-1.0
LTB4R,-1.0,-1.0
LTB4R2,-1.0,-1.0
LUZP4,-1.0,-1.0
LY6G5B,-1.0,-1.0
LY6G5C,-1.0,-1.0
LY6G6C,-1.0,-1.0
LY6G6D,-1.0,-1.0
LY6G6E,-1.0,-1.0
LY6G6F,-1.0,-1.0
LY6H,-1.0,-1.0
LYG1,-1.0,-1.0
LYG2,-1.0,-1.0
LYPD4,-1.0,-1.0
LYPD5,-1.0,-1.0
LYPLA2P1,-1.0,-1.0
LYZL2,-1.0,-1.0
MAD2L1,-1.0,-1.0
MAFA,-1.0,-1.0
MAGEA1,-1.0,-1.0
MAGEA10,-1.0,-1.0
MAGEA11,-1.0,-1.0
MAGEA12,-1.0,-1.0
MAGEA2,-1.0,-1.0
MAGEA3,-1.0,-1.0
MAGEA4,-1.0,-1.0
MAGEA5,-1.0,-1.0
MAGEA6,-1.0,-1.0
MAGEA8,-1.0,-1.0
MAGEA9B,-1.0,-1.0
MAGEB1,-1.0,-1.0
MAGEB10,-1.0,-1.0
MAGEB16,-1.0,-1.0
MAGEB18,-1.0,-1.0
MAGEB2,-1.0,-1.0
MAGEB3,-1.0,-1.0
MAGEB6,-1.0,-1.0
MAGEC1,-1.0,-1.0
MAGEC2,-1.0,-1.0
MAGEC3,-1.0,-1.0
MAGED4,-1.0,-1.0
MAGED4B,-1.0,-1.0
MAMDC4,-1.0,-1.0
MAMSTR,-1.0,-1.0
MANEAL,-1.0,-1.0
MAP1D,-1.0,-1.0
MAP3K9,-1.0,-1.0
MAP6D1,-1.0,-1.0
MAP7D2,-1.0,-1.0
MAPK12,-1.0,-1.0
MAPK15,-1.0,-1.0
MAPK8IP2,-1.0,-1.0
MARCH1,-1.0,-1.0
MARCH11,-1.0,-1.0
MARCH3,-1.0,-1.0
MARCH4,-1.0,-1.0
MAST1,-1.0,-1.0
MATK,-1.0,-1.0
MATN1,-1.0,-1.0
MATN3,-1.0,-1.0
MBD3L1,-1.0,-1.0
MBD3L2,-1.0,-1.0
MBD3L5,-1.0,-1.0
MBLAC1,-1.0,-1.0
MC1R,-1.0,-1.0
MC3R,-1.0,-1.0
MCART2,-1.0,-1.0
MCART6,-1.0,-1.0
MCM10,-1.0,-1.0
MCM3APAS,-1.0,-1.0
MCM8,-1.0,-1.0
MCM9,-1.0,-1.0
MDFI,-1.0,-1.0
MEF2B,-1.0,-1.0
MEG8,-1.0,-1.0
MEGF11,-1.0,-1.0
MEIG1,-1.0,-1.0
MEIS3,-1.0,-1.0
MELK,-1.0,-1.0
MEPE,-1.0,-1.0
MESP2,-1.0,-1.0
METTL11B,-1.0,-1.0
METTL12,-1.0,-1.0
MEX3A,-1.0,-1.0
MEX3B,-1.0,-1.0
MFI2,-1.0,-1.0
MFSD2B,-1.0,-1.0
MFSD9,-1.0,-1.0
MGAT5B,-1.0,-1.0
MGC12916,-1.0,-1.0
MGC12982,-1.0,-1.0
MGC16025,-1.0,-1.0
MGC16142,-1.0,-1.0
MGC16275,-1.0,-1.0
MGC16384,-1.0,-1.0
MGC23270,-1.0,-1.0
MGC2889,-1.0,-1.0
MGC4473,-1.0,-1.0
MGC45800,-1.0,-1.0
MGC57346,-1.0,-1.0
MGC72080,-1.0,-1.0
MGC87042,-1.0,-1.0
MIA,-1.0,-1.0
MIAT,-1.0,-1.0
MICB,-1.0,-1.0
MIP,-1.0,-1.0
MIR155HG,-1.0,-1.0
MIR17HG,-1.0,-1.0
MIXL1,-1.0,-1.0
MKRN3,-1.0,-1.0
MLC1,-1.0,-1.0
MLF1IP,-1.0,-1.0
MMACHC,-1.0,-1.0
MMD2,-1.0,-1.0
MMP11,-1.0,-1.0
MMP12,-1.0,-1.0
MMP13,-1.0,-1.0
MMP16,-1.0,-1.0
MMP17,-1.0,-1.0
MMP25,-1.0,-1.0
MMP26,-1.0,-1.0
MMP3,-1.0,-1.0
MMP8,-1.0,-1.0
MMP9,-1.0,-0.9999402761459351
MND1,-1.0,-1.0
MNS1,-1.0,-1.0
MNX1,-1.0,-1.0
MOG,-1.0,-1.0
MORN3,-1.0,-1.0
MOV10L1,-1.0,-1.0
MPP3,-1.0,-1.0
MPP4,-1.0,-1.0
MPP6,-1.0,-1.0
MRGPRX1,-1.0,-1.0
MRGPRX3,-1.0,-1.0
MRM1,-1.0,-1.0
MRS2P2,-1.0,-1.0
MS4A14,-1.0,-1.0
MS4A15,-1.0,-1.0
MS4A3,-1.0,-1.0
MSC,-1.0,-1.0
MSGN1,-1.0,-1.0
MSH4,-1.0,-1.0
MSH5,-1.0,-1.0
MSI1,-1.0,-1.0
MSL3L2,-1.0,-1.0
MSLNL,-1.0,-1.0
MST1R,-1.0,-1.0
MSTO2P,-1.0,-1.0
MSX2,-1.0,-1.0
MTBP,-1.0,-1.0
MTCP1,-1.0,-1.0
MTERF,-1.0,-1.0
MTL5,-1.0,-1.0
MTNR1B,-1.0,-1.0
MTRF1,-1.0,-1.0
MTVR2,-1.0,-1.0
MUC17,-1.0,-1.0
MURC,-1.0,-1.0
MXD3,-1.0,-1.0
MYADML,-1.0,-1.0
MYADML2,-1.0,-1.0
MYBL1,-1.0,-1.0
MYBL2,-1.0,-1.0
MYCL1,-1.0,-1.0
MYCN,-1.0,-1.0
MYCNOS,-1.0,-1.0
MYEOV,-1.0,-1.0
MYH15,-1.0,-1.0
MYH16,-1.0,-1.0
MYH4,-1.0,-1.0
MYH6,-1.0,-1.0
MYL10,-1.0,-1.0
MYL7,-1.0,-1.0
MYLK2,-1.0,-1.0
MYLPF,-1.0,-1.0
MYO1H,-1.0,-1.0
MYO3A,-1.0,-1.0
MYO7A,-1.0,-1.0
MYOD1,-1.0,-1.0
MYOG,-1.0,-1.0
MYOM3,-1.0,-1.0
MYPOP,-1.0,-1.0
MYT1,-1.0,-1.0
N4BP3,-1.0,-1.0
NAA11,-1.0,-1.0
NACA2,-1.0,-1.0
NACAP1,-1.0,-1.0
NANOG,-1.0,-1.0
NANOS2,-1.0,-1.0
NANOS3,-1.0,-1.0
NANP,-1.0,-1.0
NBPF16,-1.0,-1.0
NBPF22P,-1.0,-1.0
NBPF4,-1.0,-1.0
NBPF6,-1.0,-1.0
NBPF7,-1.0,-1.0
NBR2,-1.0,-1.0
NCAN,-1.0,-1.0
NCAPG,-1.0,-1.0
NCAPH,-1.0,-1.0
NCF1,-1.0,-1.0
NCRNA00029,-1.0,-1.0
NCRNA00052,-1.0,-1.0
NCRNA00095,-1.0,-1.0
NCRNA00099,-1.0,-1.0
NCRNA00105,-1.0,-1.0
NCRNA00107,-1.0,-1.0
NCRNA00114,-1.0,-1.0
NCRNA00115,-1.0,-1.0
NCRNA00119,-1.0,-1.0
NCRNA00152,-1.0,-1.0
NCRNA00158,-1.0,-1.0
NCRNA00159,-1.0,-1.0
NCRNA00160,-1.0,-1.0
NCRNA00162,-1.0,-1.0
NCRNA00164,-1.0,-1.0
NCRNA00169,-1.0,-1.0
NCRNA00171,-1.0,-1.0
NCRNA00173,-1.0,-1.0
NCRNA00174,-1.0,-1.0
NCRNA00176,-1.0,-1.0
NCRNA00182,-1.0,-1.0
NCRNA00202,-1.0,-1.0
NCRNA00203,-1.0,-1.0
NCRNA00204B,-1.0,-1.0
NDC80,-1.0,-1.0
NEB,-1.0,-1.0
NEIL3,-1.0,-1.0
NEK2,-1.0,-1.0
NEK3,-1.0,-1.0
NEK5,-1.0,-1.0
NEK8,-1.0,-1.0
NEURL2,-1.0,-1.0
NEURL3,-1.0,-1.0
NEUROD2,-1.0,-1.0
NEUROD4,-1.0,-1.0
NEUROG1,-1.0,-1.0
NEUROG2,-1.0,-1.0
NF1P1,-1.0,-1.0
NFAM1,-1.0,-1.0
NFE2,-1.0,-1.0
NFKBIL2,-1.0,-1.0
NGB,-1.0,-1.0
NHEG1,-1.0,-1.0
NHLH1,-1.0,-1.0
NHLH2,-1.0,-1.0
NHLRC1,-1.0,-1.0
NKAIN1,-1.0,-1.0
NKAIN4,-1.0,-1.0
NKD2,-1.0,-1.0
NKPD1,-1.0,-1.0
NKX1-2,-1.0,-1.0
NKX2-2,-1.0,-1.0
NKX2-4,-1.0,-1.0
NKX2-5,-1.0,-1.0
NKX2-6,-1.0,-1.0
NKX2-8,-1.0,-1.0
NKX3-2,-1.0,-1.0
NKX6-1,-1.0,-1.0
NKX6-3,-1.0,-1.0
NLRP10,-1.0,-1.0
NLRP11,-1.0,-1.0
NLRP12,-1.0,-1.0
NLRP4,-1.0,-1.0
NLRP5,-1.0,-1.0
NLRP7,-1.0,-1.0
NLRP8,-1.0,-1.0
NME1-NME2,-1.0,-1.0
NME2P1,-1.0,-1.0
NOBOX,-1.0,-1.0
NOD2,-1.0,-1.0
NODAL,-1.0,-1.0
NOTO,-1.0,-1.0
NOTUM,-1.0,-1.0
NOX1,-1.0,-1.0
NOX3,-1.0,-1.0
NOX4,-1.0,-1.0
NOXO1,-1.0,-1.0
NPAS1,-1.0,-1.0
NPB,-1.0,-1.0
NPBWR1,-1.0,-1.0
NPBWR2,-1.0,-1.0
NPFF,-1.0,-1.0
NPFFR1,-1.0,-1.0
NPPA,-1.0,-1.0
NPSR1,-1.0,-1.0
NPTX2,-1.0,-1.0
NPVF,-1.0,-1.0
NPW,-1.0,-1.0
NR0B1,-1.0,-1.0
NR2E1,-1.0,-1.0
NR5A1,-1.0,-1.0
NRADDP,-1.0,-1.0
NRIP3,-1.0,-1.0
NSUN3,-1.0,-1.0
NSUN5P1,-1.0,-1.0
NT5M,-1.0,-1.0
NTF4,-1.0,-1.0
NTN3,-1.0,-1.0
NTN5,-1.0,-1.0
NTNG2,-1.0,-1.0
NTSR1,-1.0,-1.0
NTSR2,-1.0,-1.0
NUDT11,-1.0,-1.0
NUDT17,-1.0,-1.0
NUDT18,-1.0,-1.0
NUF2,-1.0,-1.0
NUP62CL,-1.0,-1.0
NUSAP1,-1.0,-1.0
NXF2,-1.0,-1.0
NXF2B,-1.0,-1.0
NXF4,-1.0,-1.0
NXF5,-1.0,-1.0
NXPH1,-1.0,-1.0
NXPH4,-1.0,-1.0
OAZ3,-1.0,-1.0
OBP2A,-1.0,-1.0
OBP2B,-1.0,-1.0
OC90,-1.0,-1.0
OCLM,-1.0,-1.0
ODF3,-1.0,-1.0
ODF3L2,-1.0,-1.0
OIP5,-1.0,-1.0
OLIG2,-1.0,-1.0
OLIG3,-1.0,-1.0
OLR1,-1.0,-1.0
OMP,-1.0,-1.0
ONECUT3,-1.0,-1.0
OPN1SW,-1.0,-1.0
OPN4,-1.0,-1.0
OPN5,-1.0,-1.0
OPRD1,-1.0,-1.0
OPRK1,-1.0,-1.0
OPRL1,-1.0,-1.0
OR10A2,-1.0,-1.0
OR10A4,-1.0,-1.0
OR10A5,-1.0,-1.0
OR10AD1,-1.0,-1.0
OR10H1,-1.0,-1.0
OR10H2,-1.0,-1.0
OR10H5,-1.0,-1.0
OR10Q1,-1.0,-1.0
OR10S1,-1.0,-1.0
OR10W1,-1.0,-1.0
OR11A1,-1.0,-1.0
OR11H12,-1.0,-1.0
OR11H4,-1.0,-1.0
OR11H6,-1.0,-1.0
OR12D2,-1.0,-1.0
OR13C8,-1.0,-1.0
OR13D1,-1.0,-1.0
OR13G1,-1.0,-1.0
OR13H1,-1.0,-1.0
OR1B1,-1.0,-1.0
OR1C1,-1.0,-1.0
OR1F1,-1.0,-1.0
OR1F2P,-1.0,-1.0
OR1G1,-1.0,-1.0
OR1J1,-1.0,-1.0
OR1J2,-1.0,-1.0
OR1J4,-1.0,-1.0
OR1L4,-1.0,-1.0
OR1M1,-1.0,-1.0
OR1N1,-1.0,-1.0
OR1Q1,-1.0,-1.0
OR2AE1,-1.0,-1.0
OR2AG2,-1.0,-1.0
OR2AK2,-1.0,-1.0
OR2B2,-1.0,-1.0
OR2B6,-1.0,-1.0
OR2D2,-1.0,-1.0
OR2D3,-1.0,-1.0
OR2G2,-1.0,-1.0
OR2G3,-1.0,-1.0
OR2H1,-1.0,-1.0
OR2H2,-1.0,-1.0
OR2J3,-1.0,-1.0
OR2K2,-1.0,-1.0
OR2L1P,-1.0,-1.0
OR2L2,-1.0,-1.0
OR2L8,-1.0,-1.0
OR2M1P,-1.0,-1.0
OR3A4,-1.0,-1.0
OR4A47,-1.0,-1.0
OR4C6,-1.0,-1.0
OR4D10,-1.0,-1.0
OR4F29,-1.0,-1.0
OR4F4,-1.0,-1.0
OR4M1,-1.0,-1.0
OR4M2,-1.0,-1.0
OR4N2,-1.0,-1.0
OR4N3P,-1.0,-1.0
OR4N4,-1.0,-1.0
OR4Q3,-1.0,-1.0
OR51A7,-1.0,-1.0
OR51B2,-1.0,-1.0
OR51B5,-1.0,-1.0
OR51E1,-1.0,-1.0
OR51I1,-1.0,-1.0
OR51M1,-1.0,-1.0
OR51Q1,-1.0,-1.0
OR51S1,-1.0,-1.0
OR51T1,-1.0,-1.0
OR52A4,-1.0,-1.0
OR52B2,-1.0,-1.0
OR52B6,-1.0,-1.0
OR52D1,-1.0,-1.0
OR52E2,-1.0,-1.0
OR52E4,-1.0,-1.0
OR52E6,-1.0,-1.0
OR52I1,-1.0,-1.0
OR52I2,-1.0,-1.0
OR52K1,-1.0,-1.0
OR52K2,-1.0,-1.0
OR52L1,-1.0,-1.0
OR52R1,-1.0,-1.0
OR56A1,-1.0,-1.0
OR56A3,-1.0,-1.0
OR56A5,-1.0,-1.0
OR56B4,-1.0,-1.0
OR5J2,-1.0,-1.0
OR5M11,-1.0,-1.0
OR5V1,-1.0,-1.0
OR6A2,-1.0,-1.0
OR6C2,-1.0,-1.0
OR6C70,-1.0,-1.0
OR6F1,-1.0,-1.0
OR6V1,-1.0,-1.0
OR6W1P,-1.0,-1.0
OR7A5,-1.0,-1.0
OR7C1,-1.0,-1.0
OR7D4,-1.0,-1.0
OR7E156P,-1.0,-1.0
OR7E24,-1.0,-1.0
OR7E5P,-1.0,-1.0
OR7G2,-1.0,-1.0
OR8A1,-1.0,-1.0
OR8B12,-1.0,-1.0
OR8D1,-1.0,-1.0
OR8D2,-1.0,-1.0
OR8G5,-1.0,-1.0
OR9A2,-1.0,-1.0
OR9A4,-1.0,-1.0
OR9G9,-1.0,-1.0
ORC1L,-1.0,-1.0
ORC6L,-1.0,-1.0
OSCAR,-1.0,-1.0
OSGEPL1,-1.0,-1.0
OSM,-1.0,-1.0
OSTCL,-1.0,-1.0
OTOA,-1.0,-1.0
OTOF,-1.0,-1.0
OTOP1,-1.0,-1.0
OTOR,-1.0,-1.0
OTOS,-1.0,-1.0
OTP,-1.0,-1.0
OTUB2,-1.0,-1.0
OTUD6A,-1.0,-1.0
OTX1,-1.0,-1.0
OTX2,-1.0,-1.0
OXCT2,-1.0,-1.0
OXTR,-1.0,-1.001940131187439
P2RX5,-1.0,-1.0
P2RY11,-1.0,-1.0
P2RY6,-1.0,-1.0
P4HA3,-1.0,-1.0
PA2G4P4,-1.0,-1.0
PABPC1L,-1.0,-1.0
PABPC1P2,-1.0,-1.0
PADI1,-1.0,-1.0
PADI3,-1.0,-1.0
PADI6,-1.0,-1.0
PAGE1,-1.0,-1.0
PAGE2,-1.0,-1.0
PAGE2B,-1.0,-1.0
PAK6,-1.0,-1.0
PANX2,-1.0,-1.0
PANX3,-1.0,-1.0
PAPL,-1.0,-1.0
PAQR6,-1.0,-1.0
PAQR9,-1.0,-1.0
PARP15,-1.0,-1.0
PARS2,-1.0,-1.0
PATL2,-1.0,-1.0
PAX1,-1.0,-1.0
PAX3,-1.0,-1.0
PAX4,-1.0,-1.0
PAX5,-1.0,-1.0
PAX7,-1.0,-1.0
PBK,-1.0,-1.0
PBX4,-1.0,-1.0
PCDHA1,-1.0,-1.0
PCDHA8,-1.0,-1.0
PCDHA9,-1.0,-1.0
PCDHB10,-1.0,-1.0
PCDHB14,-1.0,-1.0
PCDHB17,-1.0,-1.0
PCDHB19P,-1.0,-1.0
PCDHB2,-1.0,-1.0
PCDHB8,-1.0,-1.0
PCDHB9,-1.0,-1.0
PCDHGA1,-1.0,-1.0
PCDHGB8P,-1.0,-1.0
PCDHGC4,-1.0,-1.0
PCDHGC5,-1.0,-1.0
PCGF6,-1.0,-1.0
PCP2,-1.0,-1.0
PCSK1,-1.0,-1.0
PCSK4,-1.0,-1.0
PCSK9,-1.0,-1.0
PDCD1,-1.0,-1.0
PDCD2L,-1.0,-1.0
PDCL2,-1.0,-1.0
PDF,-1.0,-1.0
PDHA2,-1.0,-1.0
PDIA2,-1.0,-1.0
PDSS1,-1.0,-1.0
PDX1,-1.0,-1.0
PDZD7,-1.0,-1.0
PFKFB4,-1.0,-1.0
PFN4,-1.0,-1.0
PGAM2,-1.0,-1.0
PGAM4,-1.0,-1.0
PGBD2,-1.0,-1.0
PGBD5,-1.0,-1.0
PGK2,-1.0,-1.0
PGLYRP3,-1.0,-1.0
PGLYRP4,-1.0,-1.0
PHEX,-1.0,-1.0
PHOX2A,-1.0,-1.0
PI4KAP2,-1.0,-1.0
PIF1,-1.0,-1.0
PIGL,-1.0,-1.0
PIGW,-1.0,-1.0
PIK3R6,-1.0,-1.0
PINX1,-1.0,-1.0
PIP5K1P1,-1.0,-1.0
PIP5KL1,-1.0,-1.0
PIPSL,-1.0,-1.0
PITX3,-1.0,-1.0
PIWIL1,-1.0,-1.0
PIWIL3,-1.0,-1.0
PKD1L1,-1.0,-1.0
PKD1L3,-1.0,-1.0
PKD2L1,-1.0,-1.0
PKMYT1,-1.0,-1.0
PLA2G2D,-1.0,-1.0
PLA2G2E,-1.0,-1.0
PLA2G2F,-1.0,-1.0
PLA2G4D,-1.0,-1.0
PLA2G4E,-1.0,-1.0
PLA2G7,-1.0,-1.0
PLAC1,-1.0,-1.0
PLAC1L,-1.0,-1.0
PLAC4,-1.0,-1.0
PLAC8L1,-1.0,-1.0
PLB1,-1.0,-1.0
PLD6,-1.0,-1.0
PLEKHA8,-1.0,-1.0
PLEKHA9,-1.0,-1.0
PLEKHG4,-1.0,-1.0
PLEKHG4B,-1.0,-1.0
PLEKHN1,-1.0,-1.0
PLK1,-1.0,-1.0
PLK4,-1.0,-1.0
PLK5P,-1.0,-1.0
PLXNB3,-1.0,-1.0
PMCH,-1.0,-1.0
PMCHL1,-1.0,-1.0
PMFBP1,-1.0,-1.0
PMS2CL,-1.0,-1.0
PMS2L11,-1.0,-1.0
PMS2L2,-1.0,-1.0
PMS2L3,-1.0,-1.0
PMS2L5,-1.0,-1.0
PNCK,-1.0,-1.0
PNMA3,-1.0,-1.0
PNMA5,-1.0,-1.0
PNPLA5,-1.0,-1.0
POC1A,-1.0,-1.0
POC5,-1.0,-1.0
PODNL1,-1.0,-1.0
POLE2,-1.0,-1.0
POLG2,-1.0,-1.0
POLQ,-1.0,-1.0
POLR3G,-1.0,-1.0
POM121L10P,-1.0,-1.0
POM121L1P,-1.0,-1.0
POM121L2,-1.0,-1.0
POM121L4P,-1.0,-1.0
POM121L8P,-1.0,-1.0
POM121L9P,-1.0,-1.0
POP1,-1.0,-1.0
POPDC3,-1.0,-1.0
POTEB,-1.0,-1.0
POTEC,-1.0,-1.0
POTED,-1.0,-1.0
POTEE,-1.0,-1.0
POTEF,-1.0,-1.0
POTEG,-1.0,-1.0
POTEH,-1.0,-1.0
POU3F1,-1.0,-1.0
POU3F2,-1.0,-1.0
POU4F1,-1.0,-1.0
POU4F2,-1.0,-1.0
POU4F3,-1.0,-1.0
POU5F1,-1.0,-1.0
POU5F1B,-1.0,-1.0
POU5F2,-1.0,-1.0
PPAPDC1A,-1.0,-1.0
PPCDC,-1.0,-1.0
PPEF1,-1.0,-1.0
PPFIA3,-1.0,-1.0
PPFIA4,-1.0,-1.0
PPIAL4B,-1.0,-1.0
PPIAL4C,-1.0,-1.0
PPIAL4D,-1.0,-1.0
PPIAL4E,-1.0,-1.0
PPIAL4G,-1.0,-1.0
PPIEL,-1.0,-1.0
PPIL5,-1.0,-1.0
PPM1J,-1.0,-1.0
PPP1R2P9,-1.0,-1.0
PPP2R3B,-1.0,-1.0
PPY2,-1.0,-1.0
PRAC,-1.0,-1.0
PRAME,-1.0,-1.0
PRAMEF1,-1.0,-1.0
PRAMEF11,-1.0,-1.0
PRAMEF12,-1.0,-1.0
PRAMEF13,-1.0,-1.0
PRAMEF14,-1.0,-1.0
PRAMEF18,-1.0,-1.0
PRAMEF2,-1.0,-1.0
PRAMEF20,-1.0,-1.0
PRAMEF4,-1.0,-1.0
PRAMEF5,-1.0,-1.0
PRAMEF6,-1.0,-1.0
PRAMEF8,-1.0,-1.0
PRAMEF9,-1.0,-1.0
PRB2,-1.0,-1.0
PRDM12,-1.0,-1.0
PRDM13,-1.0,-1.0
PRDM14,-1.0,-1.0
PRDM15,-1.0,-1.0
PRDM7,-1.0,-1.0
PRDM9,-1.0,-1.0
PRG1,-1.0,-1.0
PRG2,-1.0,-1.0
PRICKLE3,-1.0,-1.0
PRIM1,-1.0,-1.0
PRKACG,-1.0,-1.0
PRKCG,-1.0,-1.0
PRLH,-1.0,-1.0
PRND,-1.0,-1.0
PRNT,-1.0,-1.0
PRO0611,-1.0,-1.0
PRO0628,-1.0,-1.0
PRO1768,-1.0,-1.0
PROCA1,-1.0,-1.0
PROK2,-1.0,-1.0
PROKR1,-1.0,-1.0
PROX2,-1.0,-1.0
PRPS1L1,-1.0,-1.0
PRR11,-1.0,-1.0
PRR19,-1.0,-1.0
PRR20A,-1.0,-1.0
PRR22,-1.0,-1.0
PRR23A,-1.0,-1.0
PRR23B,-1.0,-1.0
PRR23C,-1.0,-1.0
PRR25,-1.0,-1.0
PRR5-ARHGAP8,-1.0,-1.0
PRRT3,-1.0,-1.0
PRRX2,-1.0,-1.0
PRSS1,-1.0,-1.0
PRSS21,-1.0,-1.0
PRSS27,-1.0,-1.0
PRSS30P,-1.0,-1.0
PRSS33,-1.0,-1.0
PRSS37,-1.0,-1.0
PRSS41,-1.0,-1.0
PRSS50,-1.0,-1.0
PRSS53,-1.0,-1.0
PRSS54,-1.0,-1.0
PRSS55,-1.0,-1.0
PRSSL1,-1.0,-1.0
PRTN3,-1.0,-1.0
PSD2,-1.0,-1.0
PSG1,-1.0,-1.0
PSG10,-1.0,-1.0
PSG11,-1.0,-1.0
PSG2,-1.0,-1.0
PSG3,-1.0,-1.0
PSG4,-1.0,-1.0
PSG5,-1.0,-1.0
PSG6,-1.0,-1.0
PSG7,-1.0,-1.0
PSG8,-1.0,-1.0
PSG9,-1.0,-1.0
PSIMCT-1,-1.0,-1.0
PSMC3IP,-1.0,-1.0
PSORS1C1,-1.0,-1.0
PSORS1C2,-1.0,-1.0
PSORS1C3,-1.0,-1.0
PSPN,-1.0,-1.0
PSRC1,-1.0,-1.0
PSTK,-1.0,-1.0
PTCD2,-1.0,-1.0
PTCHD2,-1.0,-1.0
PTH2,-1.0,-1.0
PTPDC1,-1.0,-1.0
PTPRVP,-1.0,-1.0
PTTG2,-1.0,-1.0
PTTG3P,-1.0,-1.0
PTX4,-1.0,-1.0
PVRIG,-1.0,-1.0
PVRL4,-1.0,-1.0
PVT1,-1.0,-1.0
PXDNL,-1.0,-1.0
PXT1,-1.0,-1.0
PYY2,-1.0,-1.0
QRFP,-1.0,-1.0
QRICH2,-1.0,-1.0
R3HDML,-1.0,-1.0
RAB33A,-1.0,-1.0
RAB39,-1.0,-1.0
RAB40A,-1.0,-1.0
RAB40AL,-1.0,-1.0
RAB42,-1.0,-1.0
RAC3,-1.0,-1.0
RACGAP1P,-1.0,-1.0
RAD18,-1.0,-1.0
RAD21L1,-1.0,-1.0
RAD51,-1.0,-1.0
RAD51AP1,-1.0,-1.0
RAD51L1,-1.0,-1.0
RAD51L3,-1.0,-1.0
RAD54B,-1.0,-1.0
RAD54L,-1.0,-1.0
RAD9B,-1.0,-1.0
RAET1K,-1.0,-1.0
RAET1L,-1.0,-1.0
RAGE,-1.0,-1.0
RAPSN,-1.0,-1.0
RASD2,-1.0,-1.0
RASGEF1A,-1.0,-1.0
RASL10A,-1.0,-1.0
RASL10B,-1.0,-1.0
RAX,-1.0,-1.0
RBL1,-1.0,-1.0
RBM15,-1.0,-1.0
RBM45,-1.0,-1.0
RBM46,-1.0,-1.0
RBMXL2,-1.0,-1.0
RBMXL3,-1.0,-1.0
RBMY2FP,-1.0,-1.0
RCOR2,-1.0,-1.0
RD3,-1.0,-1.0
RDM1,-1.0,-1.0
RECQL4,-1.0,-1.0
RELL2,-1.0,-1.0
REM2,-1.0,-1.0
REXO1L1,-1.0,-1.0
RFC4,-1.0,-1.0
RFPL1,-1.0,-1.0
RFPL2,-1.0,-1.0
RFPL3,-1.0,-1.0
RFPL3S,-1.0,-1.0
RFPL4B,-1.0,-1.0
RFX4,-1.0,-1.0
RFX8,-1.0,-1.0
RGR,-1.0,-1.0
RGS17,-1.0,-1.0
RGS20,-1.0,-1.0
RGS21,-1.0,-1.0
RHBDL1,-1.0,-1.0
RHCE,-1.0,-1.0
RHD,-1.0,-1.0
RHEBL1,-1.0,-1.0
RHOXF2B,-1.0,-1.0
RIBC1,-1.0,-1.0
RIBC2,-1.0,-1.0
RIMBP3,-1.0,-1.0
RIMBP3C,-1.0,-1.0
RIN1,-1.0,-1.0
RINL,-1.0,-1.0
RIPPLY2,-1.0,-1.0
RIT2,-1.0,-1.0
RLBP1,-1.0,-1.0
RLN3,-1.0,-1.0
RLTPR,-1.0,-1.0
RMRP,-1.0,-1.0
RNASE10,-1.0,-1.0
RNASE11,-1.0,-1.0
RNASE2,-1.0,-1.0
RNASE3,-1.0,-1.0
RNF113B,-1.0,-1.0
RNF151,-1.0,-1.0
RNF17,-1.0,-1.0
RNF175,-1.0,-1.0
RNF183,-1.0,-1.0
RNF207,-1.0,-1.0
RNF32,-1.0,-1.0
RNFT2,-1.0,-1.0
RNU11,-1.0,-1.0
RNU4ATAC,-1.0,-1.0
RP1-177G6.2,-1.0,-1.0
RP1L1,-1.0,-1.0
RP9,-1.0,-1.0
RP9P,-1.0,-1.0
RPA4,-1.0,-1.0
RPGRIP1,-1.0,-1.0
RPGRIP1L,-1.0,-1.0
RPL10L,-1.0,-1.0
RPL13AP20,-1.0,-1.0
RPL13AP3,-1.0,-1.0
RPL13AP6,-1.0,-1.0
RPL13P5,-1.0,-1.0
RPL19P12,-1.0,-1.0
RPL23AP64,-1.0,-1.0
RPL23AP7,-1.0,-1.0
RPL23P8,-1.0,-1.0
RPL29P2,-1.0,-1.0
RPL32P3,-1.0,-1.0
RPL39L,-1.0,-1.0
RPL3L,-1.0,-1.0
RPLP0P2,-1.0,-1.0
RPP40,-1.0,-1.0
RPPH1,-1.0,-1.0
RPRML,-1.0,-1.0
RPS10P7,-1.0,-1.0
RPS15AP10,-1.0,-1.0
RPS26P11,-1.0,-1.0
RPS2P32,-1.0,-1.0
RPSAP52,-1.0,-1.0
RPSAP9,-1.0,-1.0
RRM2,-1.0,-1.0
RRN3P2,-1.0,-1.0
RRP7B,-1.0,-1.0
RSPH10B2,-1.0,-1.0
RSPH6A,-1.0,-1.0
RSPO4,-1.0,-1.0
RTKN2,-1.0,-1.0
RTL1,-1.0,-1.0
RTN4IP1,-1.0,-1.0
RTN4R,-1.0,-1.0
RTN4RL2,-1.0,-1.0
RTP2,-1.0,-1.0
RTP4,-1.0,-1.0
RUFY4,-1.0,-1.0
RUNDC3A,-1.0,-1.0
RXFP3,-1.0,-1.0
RXFP4,-1.0,-1.0
RYR1,-1.0,-1.0
S100A3,-1.0,-1.0
S100A5,-1.0,-1.0
S100A7A,-1.0,-1.0
S100Z,-1.0,-1.0
S1PR5,-1.0,-1.0
SAAL1,-1.0,-1.0
SAC3D1,-1.0,-1.0
SAGE1,-1.0,-1.0
SALL4,-1.0,-1.0
SAMD10,-1.0,-1.0
SAMD14,-1.0,-1.0
SAMD7,-1.0,-1.0
SASS6,-1.0,-1.0
SBK1,-1.0,-1.0
SBK2,-1.0,-1.0
SCARNA10,-1.0,-1.0
SCARNA12,-1.0,-1.0
SCARNA15,-1.0,-1.0
SCARNA16,-1.0,-1.0
SCARNA2,-1.0,-1.0
SCARNA21,-1.0,-1.0
SCARNA22,-1.0,-1.0
SCARNA6,-1.0,-1.0
SCARNA7,-1.0,-1.0
SCARNA8,-1.0,-1.0
SCARNA9,-1.0,-1.0
SCARNA9L,-1.0,-1.0
SCGB1D1,-1.0,-1.0
SCML2,-1.0,-1.0
SCN10A,-1.0,-1.0
SCNN1D,-1.0,-1.0
SCRT1,-1.0,-1.0
SCRT2,-1.0,-1.0
SCXB,-1.0,-1.0
SDHAP1,-1.0,-1.0
SDHAP3,-1.0,-1.0
SDS,-1.0,-1.0
SEC61A2,-1.0,-1.0
SELV,-1.0,-1.0
SEMA5B,-1.0,-1.0
SEPT12,-1.0,-1.0
SEPT14,-1.0,-1.0
SEPT3,-1.0,-1.0
SEPT7P2,-1.0,-1.0
SERHL,-1.0,-1.0
SERINC4,-1.0,-1.0
SERPINB10,-1.0,-1.0
SERPINE3,-1.0,-1.0
SEZ6,-1.0,-1.0
SEZ6L,-1.0,-1.0
SFRS13B,-1.0,-1.0
SFTA1P,-1.0,-1.0
SGK196,-1.0,-1.0
SGK494,-1.0,-1.0
SGOL1,-1.0,-1.0
SGOL2,-1.0,-1.0
SH2B2,-1.0,-1.0
SH2D2A,-1.0,-1.0
SH2D4B,-1.0,-1.0
SH2D5,-1.0,-1.0
SH3D20,-1.0,-1.0
SH3TC2,-1.0,-1.0
SHANK1,-1.0,-1.0
SHCBP1,-1.0,-1.0
SHISA7,-1.0,-1.0
SHOX,-1.0,-1.0
SHOX2,-1.0,-1.0
SIGLEC10,-1.0,-1.0
SIGLEC12,-1.0,-1.0
SIGLEC14,-1.0,-1.0
SIGLEC15,-1.0,-1.0
SIGLEC5,-1.0,-1.0
SIGLEC7,-1.0,-1.0
SIGLEC8,-1.0,-1.0
SIGLEC9,-1.0,-1.0
SILV,-1.0,-1.0
SIM2,-1.0,-1.0
SIP1,-1.0,-1.0
SIRPB2,-1.0,-1.0
SIRPG,-1.0,-1.0
SIT1,-1.0,-1.0
SIX2,-1.0,-1.0
SIX3,-1.0,-1.0
SIX4,-1.0,-1.0
SIX6,-1.0,-1.0
SKA1,-1.0,-1.0
SKA3,-1.0,-1.0
SKINTL,-1.0,-1.0
SKP2,-1.0,-1.0
SLA2,-1.0,-1.0
SLAMF8,-1.0,-1.0
SLAMF9,-1.0,-1.0
SLC10A4,-1.0,-1.0
SLC11A1,-1.0,-1.0
SLC12A8,-1.0,-1.0
SLC13A4,-1.0,-1.0
SLC16A8,-1.0,-1.0
SLC17A9,-1.0,-1.0
SLC18A3,-1.0,-1.0
SLC1A6,-1.0,-1.0
SLC22A14,-1.0,-1.0
SLC22A16,-1.0,-1.0
SLC22A18AS,-1.0,-1.0
SLC22A20,-1.0,-1.0
SLC24A5,-1.0,-1.0
SLC25A14,-1.0,-1.0
SLC25A2,-1.0,-1.0
SLC25A31,-1.0,-1.0
SLC25A35,-1.0,-1.0
SLC25A41,-1.0,-1.0
SLC26A10,-1.0,-1.0
SLC26A8,-1.0,-1.0
SLC28A3,-1.0,-1.0
SLC29A2,-1.0,-1.0
SLC29A4,-1.0,-1.0
SLC2A5,-1.0,-1.0
SLC30A10,-1.0,-1.0
SLC30A3,-1.0,-1.0
SLC35D3,-1.0,-1.0
SLC35E4,-1.0,-1.0
SLC38A8,-1.0,-1.0
SLC39A12,-1.0,-1.0
SLC44A5,-1.0,-1.0
SLC45A2,-1.0,-1.0
SLC4A11,-1.0,-1.0
SLC4A5,-1.0,-1.0
SLC6A10P,-1.0,-1.0
SLC6A11,-1.0,-1.0
SLC6A17,-1.0,-1.0
SLC6A3,-1.0,-1.0
SLC6A7,-1.0,-1.0
SLC7A5P1,-1.0,-1.0
SLC7A5P2,-1.0,-1.0
SLC9A10,-1.0,-1.0
SLC9A11,-1.0,-1.0
SLC9A5,-1.0,-1.0
SLCO1B3,-1.0,-1.0
SLCO1C1,-1.0,-1.0
SLCO5A1,-1.0,-1.0
SLCO6A1,-1.0,-1.0
SLFN12,-1.0,-1.0
SLFNL1,-1.0,-1.0
SLIT1,-1.0,-1.0
SLMO1,-1.0,-1.0
SMC1B,-1.0,-1.0
SMCP,-1.0,-1.0
SMEK3P,-1.0,-1.0
SMN1,-1.0,-1.0
SMTNL1,-1.0,-1.0
SNAR-A2,-1.0,-1.0
SNAR-A3,-1.0,-1.0
SNAR-A4,-1.0,-1.0
SNAR-B2,-1.0,-1.0
SNAR-C4,-1.0,-1.0
SNAR-G1,-1.0,-1.0
SNHG10,-1.0,-1.0
SNHG11,-1.0,-1.0
SNHG12,-1.0,-1.0
SNHG3,-1.0,-1.0
SNHG3-RCC1,-1.0,-1.0
SNHG4,-1.0,-1.0
SNHG9,-1.0,-1.0
SNORA1,-1.0,-1.0
SNORA10,-1.0,-1.0
SNORA11D,-1.0,-1.0
SNORA11E,-1.0,-1.0
SNORA12,-1.0,-1.0
SNORA14B,-1.0,-1.0
SNORA15,-1.0,-1.0
SNORA16B,-1.0,-1.0
SNORA18,-1.0,-1.0
SNORA21,-1.0,-1.0
SNORA23,-1.0,-1.0
SNORA24,-1.0,-1.0
SNORA25,-1.0,-1.0
SNORA26,-1.0,-1.0
SNORA27,-1.0,-1.0
SNORA29,-1.0,-1.0
SNORA3,-1.0,-1.0
SNORA31,-1.0,-1.0
SNORA34,-1.0,-1.0
SNORA38,-1.0,-1.0
SNORA39,-1.0,-1.0
SNORA40,-1.0,-1.0
SNORA41,-1.0,-1.0
SNORA45,-1.0,-1.0
SNORA48,-1.0,-1.0
SNORA51,-1.0,-1.0
SNORA52,-1.0,-1.0
SNORA53,-1.0,-1.0
SNORA56,-1.0,-1.0
SNORA57,-1.0,-1.0
SNORA59B,-1.0,-1.0
SNORA5A,-1.0,-1.0
SNORA5C,-1.0,-1.0
SNORA6,-1.0,-1.0
SNORA61,-1.0,-1.0
SNORA62,-1.0,-1.0
SNORA63,-1.0,-1.0
SNORA65,-1.0,-1.0
SNORA67,-1.0,-1.0
SNORA68,-1.0,-1.0
SNORA70,-1.0,-1.0
SNORA71A,-1.0,-1.0
SNORA71B,-1.0,-1.0
SNORA71C,-1.0,-1.0
SNORA71D,-1.0,-1.0
SNORA72,-1.0,-1.0
SNORA74A,-1.0,-1.0
SNORA74B,-1.0,-1.0
SNORA76,-1.0,-1.0
SNORA7B,-1.0,-1.0
SNORA81,-1.0,-1.0
SNORD10,-1.0,-1.0
SNORD104,-1.0,-1.0
SNORD12B,-1.0,-1.0
SNORD15A,-1.0,-1.0
SNORD15B,-1.0,-1.0
SNORD17,-1.0,-1.0
SNORD1C,-1.0,-1.0
SNORD22,-1.0,-1.0
SNORD32A,-1.0,-1.0
SNORD33,-1.0,-1.0
SNORD35A,-1.0,-1.0
SNORD35B,-1.0,-1.0
SNORD60,-1.0,-1.0
SNORD76,-1.0,-1.0
SNORD79,-1.0,-1.0
SNORD87,-1.0,-1.0
SNORD88B,-1.0,-1.0
SNORD88C,-1.0,-1.0
SNX20,-1.0,-1.0
SOHLH1,-1.0,-1.0
SOX1,-1.0,-1.0
SOX11,-1.0,-1.0
SOX14,-1.0,-1.0
SOX21,-1.0,-1.0
SP6,-1.0,-1.0
SP7,-1.0,-1.0
SP8,-1.0,-1.0
SP9,-1.0,-1.0
SPA17,-1.0,-1.0
SPACA1,-1.0,-1.0
SPACA3,-1.0,-1.0
SPACA4,-1.0,-1.0
SPAG11A,-1.0,-1.0
SPAG11B,-1.0,-1.0
SPAG4,-1.0,-1.0
SPANXA2,-1.0,-1.0
SPANXB2,-1.0,-1.0
SPANXC,-1.0,-1.0
SPANXE,-1.0,-1.0
SPANXN2,-1.0,-1.0
SPANXN3,-1.0,-1.0
SPANXN5,-1.0,-1.0
SPATA12,-1.0,-1.0
SPATA17,-1.0,-1.0
SPATA21,-1.0,-1.0
SPATA8,-1.0,-1.0
SPATC1,-1.0,-1.0
SPATS1,-1.0,-1.0
SPC24,-1.0,-1.0
SPC25,-1.0,-1.0
SPDYA,-1.0,-1.0
SPDYC,-1.0,-1.0
SPDYE1,-1.0,-1.0
SPDYE2,-1.0,-1.0
SPDYE3,-1.0,-1.0
SPDYE4,-1.0,-1.0
SPDYE5,-1.0,-1.0
SPDYE6,-1.0,-1.0
SPDYE7P,-1.0,-1.0
SPDYE8P,-1.0,-1.0
SPEF1,-1.0,-1.0
SPEM1,-1.0,-1.0
SPERT,-1.0,-1.0
SPIN2A,-1.0,-1.0
SPIN2B,-1.0,-1.0
SPIN4,-1.0,-1.0
SPINK13,-1.0,-1.0
SPINK6,-1.0,-1.0
SPIRE2,-1.0,-1.0
SPOCD1,-1.0,-1.0
SPRED3,-1.0,-1.0
SPRN,-1.0,-1.0
SPRR2B,-1.0,-1.0
SPRR2G,-1.0,-1.0
SPRR4,-1.0,-1.0
SPRYD5,-1.0,-1.0
SPSB2,-1.0,-1.0
SPSB4,-1.0,-1.0
SPTA1,-1.0,-1.0
SPTBN5,-1.0,-1.0
SPZ1,-1.0,-1.0
SRCRB4D,-1.0,-1.0
SRMS,-1.0,-1.0
SRPK3,-1.0,-1.0
SRRM5,-1.0,-1.0
SSTR5,-1.0,-1.0
SSX1,-1.0,-1.0
SSX2,-1.0,-1.0
SSX3,-1.0,-1.0
SSX4,-1.0,-1.0
SSX5,-1.0,-1.0
SSX6,-1.0,-1.0
SSX7,-1.0,-1.0
ST20,-1.0,-1.0
ST7OT3,-1.0,-1.0
ST7OT4,-1.0,-1.0
ST8SIA2,-1.0,-1.0
ST8SIA5,-1.0,-1.0
STAC3,-1.0,-1.0
STAG3,-1.0,-1.0
STAG3L1,-1.0,-1.0
STAG3L2,-1.0,-1.0
STAG3L3,-1.0,-1.0
STAG3L4,-1.0,-1.0
STAMBPL1,-1.0,-1.0
STARD6,-1.0,-1.0
STC2,-1.0,-1.0
STIL,-1.0,-1.0
STK31,-1.0,-1.0
STK32C,-1.0,-1.0
STRA6,-1.0,-1.0
STRA8,-1.0,-1.0
STRC,-1.0,-1.0
STX1A,-1.0,-1.0
SULT4A1,-1.0,-1.0
SUMO1P1,-1.0,-1.0
SUMO4,-1.0,-1.0
SUN3,-1.0,-1.0
SUV39H2,-1.0,-1.0
SUV420H2,-1.0,-1.0
SUZ12P,-1.0,-1.0
SYCE2,-1.0,-1.0
SYCP1,-1.0,-1.0
SYCP2,-1.0,-1.0
SYCP2L,-1.0,-1.0
SYCP3,-1.0,-1.0
SYN1,-1.0,-1.0
SYNGR3,-1.0,-1.0
SYNGR4,-1.0,-1.0
SYT12,-1.0,-1.0
SYT14L,-1.0,-1.0
SYT17,-1.0,-1.0
SYT2,-1.0,-1.0
SYT3,-1.0,-1.0
SYT5,-1.0,-1.0
SYT6,-1.0,-1.0
T,-1.0,-1.0
TAAR5,-1.0,-1.0
TAC3,-1.0,-1.0
TAC4,-1.0,-1.0
TADA2A,-1.0,-1.0
TAF1A,-1.0,-1.0
TAF5,-1.0,-1.0
TAF7L,-1.0,-1.0
TAL2,-1.0,-1.0
TARM1,-1.0,-1.0
TAS1R2,-1.0,-1.0
TAS1R3,-1.0,-1.0
TAS2R10,-1.0,-1.0
TAS2R13,-1.0,-1.0
TAS2R14,-1.0,-1.0
TAS2R19,-1.0,-1.0
TAS2R20,-1.0,-1.0
TAS2R3,-1.0,-1.0
TAS2R30,-1.0,-1.0
TAS2R31,-1.0,-1.0
TAS2R38,-1.0,-1.0
TAS2R39,-1.0,-1.0
TAS2R4,-1.0,-1.0
TAS2R40,-1.0,-1.0
TAS2R41,-1.0,-1.0
TAS2R42,-1.0,-1.0
TAS2R43,-1.0,-1.0
TAS2R46,-1.0,-1.0
TAS2R5,-1.0,-1.0
TAS2R50,-1.0,-1.0
TAS2R60,-1.0,-1.0
TAS2R7,-1.0,-1.0
TAS2R8,-1.0,-1.0
TAS2R9,-1.0,-1.0
TBC1D26,-1.0,-1.0
TBC1D28,-1.0,-1.0
TBC1D29,-1.0,-1.0
TBC1D3B,-1.0,-1.0
TBC1D3C,-1.0,-1.0
TBC1D3G,-1.0,-1.0
TBC1D3H,-1.0,-1.0
TBC1D3P2,-1.0,-1.0
TBPL2,-1.0,-1.0
TBR1,-1.0,-1.0
TBX15,-1.0,-1.0
TBX18,-1.0,-1.0
TBX19,-1.0,-1.0
TBX20,-1.0,-1.0
TBX4,-1.0,-1.0
TBX6,-1.0,-1.0
TCAM1P,-1.0,-1.0
TCAP,-1.0,-1.0
TCEB3B,-1.0,-1.0
TCEB3C,-1.0,-1.0
TCERG1L,-1.0,-1.0
TCF15,-1.0,-1.0
TCHH,-1.0,-1.0
TCHHL1,-1.0,-1.0
TCP11,-1.0,-1.0
TCTE3,-1.0,-1.0
TCTEX1D2,-1.0,-1.0
TDH,-1.0,-1.0
TDO2,-1.0,-1.0
TDRD12,-1.0,-1.0
TDRD5,-1.0,-1.0
TDRG1,-1.0,-1.0
TEAD4,-1.0,-1.0
TEKT4,-1.0,-1.0
TEKT5,-1.0,-1.0
TERC,-1.0,-1.0
TERT,-1.0,-1.0
TEX11,-1.0,-1.0
TEX13A,-1.0,-1.0
TEX13B,-1.0,-1.0
TEX15,-1.0,-1.0
TEX19,-1.0,-1.0
TFAMP1,-1.0,-1.0
TFAP2D,-1.0,-1.0
TFAP2E,-1.0,-1.0
TFDP3,-1.0,-1.0
TFR2,-1.0,-1.0
TG,-1.0,-1.0
TGIF2LX,-1.0,-1.0
TGIF2LY,-1.0,-1.0
TGM4,-1.0,-1.0
TGM5,-1.0,-1.0
TH,-1.0,-1.0
THAP8,-1.0,-1.0
THAP9,-1.0,-1.0
THEG,-1.0,-1.0
THSD1P1,-1.0,-1.0
TIFAB,-1.0,-1.0
TIGD1,-1.0,-1.0
TIGD2,-1.0,-1.0
TIGD3,-1.0,-1.0
TIGD4,-1.0,-1.0
TIGD5,-1.0,-1.0
TIGD6,-1.0,-1.0
TIGIT,-1.0,-1.0
TIPIN,-1.0,-1.0
TKTL1,-1.0,-1.0
TKTL2,-1.0,-1.0
TLCD1,-1.0,-1.0
TLE6,-1.0,-1.0
TLL2,-1.0,-1.0
TLR6,-1.0,-1.0
TLX1,-1.0,-1.0
TLX1NB,-1.0,-1.0
TLX2,-1.0,-1.0
TLX3,-1.0,-1.0
TM4SF19,-1.0,-1.0
TM4SF20,-1.0,-1.0
TM7SF4,-1.0,-1.0
TMC7,-1.0,-1.0
TMCC2,-1.0,-1.0
TMCO2,-1.0,-1.0
TMED10P1,-1.0,-1.0
TMED7-TICAM2,-1.0,-1.0
TMEFF1,-1.0,-1.0
TMEM102,-1.0,-1.0
TMEM105,-1.0,-1.0
TMEM114,-1.0,-1.0
TMEM145,-1.0,-1.0
TMEM149,-1.0,-1.0
TMEM14E,-1.0,-1.0
TMEM150B,-1.0,-1.0
TMEM151A,-1.0,-1.0
TMEM151B,-1.0,-1.0
TMEM155,-1.0,-1.0
TMEM156,-1.0,-1.0
TMEM158,-1.0,-1.0
TMEM163,-1.0,-1.0
TMEM17,-1.0,-1.0
TMEM179,-1.0,-1.0
TMEM180,-1.0,-1.0
TMEM182,-1.0,-1.0
TMEM189-UBE2V1,-1.0,-1.0
TMEM191A,-1.0,-1.0
TMEM194B,-1.0,-1.0
TMEM198,-1.0,-1.0
TMEM202,-1.0,-1.0
TMEM206,-1.0,-1.0
TMEM211,-1.0,-1.0
TMEM215,-1.0,-1.0
TMEM31,-1.0,-1.0
TMEM44,-1.0,-1.0
TMEM63C,-1.0,-1.0
TMEM79,-1.0,-1.0
TMEM81,-1.0,-1.0
TMEM86B,-1.0,-1.0
TMEM88B,-1.0,-1.0
TMEM89,-1.0,-1.0
TMEM92,-1.0,-1.0
TMPPE,-1.0,-1.0
TMPRSS11D,-1.0,-1.0
TMPRSS11F,-1.0,-1.0
TMPRSS13,-1.0,-1.0
TMPRSS15,-1.0,-1.0
TMPRSS5,-1.0,-1.0
TMPRSS6,-1.0,-1.0
TMPRSS9,-1.0,-1.0
TMSB15A,-1.0,-1.0
TMSB15B,-1.0,-1.0
TNFAIP8L2,-1.0,-1.0
TNFRSF10C,-1.0,-1.0
TNFRSF13C,-1.0,-1.0
TNFRSF25,-1.0,-1.0
TNFRSF6B,-1.0,-1.0
TNFRSF9,-1.0,-1.0
TNFSF11,-1.0,-1.0
TNFSF12-TNFSF13,-1.0,-1.0
TNFSF18,-1.0,-1.0
TNFSF4,-1.0,-1.0
TNIP3,-1.0,-1.0
TNNT1,-1.0,-1.0
TNP2,-1.0,-1.0
TOP1P1,-1.0,-1.0
TOP1P2,-1.0,-1.0
TOP2A,-1.0,-1.0
TP53TG3B,-1.0,-1.0
TP73,-1.0,-1.0
TPD52L3,-1.0,-1.0
TPI1P2,-1.0,-1.0
TPI1P3,-1.0,-1.0
TPRX1,-1.0,-1.0
TPRXL,-1.0,-1.0
TPTE,-1.0,-1.0
TPTE2,-1.0,-1.0
TPX2,-1.0,-1.0
TRAIP,-1.0,-1.0
TRAPPC2P1,-1.0,-1.0
TREM1,-1.0,-1.0
TREM2,-1.0,-1.0
TREML2,-1.0,-1.0
TREML3,-1.0,-1.0
TREML4,-1.0,-1.0
TREX2,-1.0,-1.0
TRHR,-1.0,-1.0
TRIM15,-1.0,-1.0
TRIM16L,-1.0,-1.0
TRIM17,-1.0,-1.0
TRIM42,-1.0,-1.0
TRIM43,-1.0,-1.0
TRIM45,-1.0,-1.0
TRIM46,-1.0,-1.0
TRIM48,-1.0,-1.0
TRIM49,-1.0,-1.0
TRIM49L,-1.0,-1.0
TRIM52,-1.0,-1.0
TRIM53,-1.0,-1.0
TRIM54,-1.0,-1.0
TRIM59,-1.0,-1.0
TRIM60,-1.0,-1.0
TRIM64,-1.0,-1.0
TRIM67,-1.0,-1.0
TRIM7,-1.0,-1.0
TRIM71,-1.0,-1.0
TRIM72,-1.0,-1.0
TRIM74,-1.0,-1.0
TRIM78P,-1.0,-1.0
TRIML1,-1.0,-1.0
TRIML2,-1.0,-1.0
TRIP13,-1.0,-1.0
TROAP,-1.0,-1.0
TRPA1,-1.0,-1.0
TRPM2,-1.0,-1.0
TRPM8,-1.0,-1.0
TRPV1,-1.0,-1.0
TRPV4,-1.0,-1.0
TRY6,-1.0,-1.0
TSGA10IP,-1.0,-1.0
TSGA13,-1.0,-1.0
TSIX,-1.0,-1.0
TSNAX-DISC1,-1.0,-1.0
TSPAN10,-1.0,-1.0
TSPAN16,-1.0,-1.0
TSPY2,-1.0,-1.0
TSPY3,-1.0,-1.0
TSPY4,-1.0,-1.0
TSPYL6,-1.0,-1.0
TSSK3,-1.0,-1.0
TSSK6,-1.0,-1.0
TTBK1,-1.0,-1.0
TTC16,-1.0,-1.0
TTC24,-1.0,-1.0
TTC25,-1.0,-1.0
TTC26,-1.0,-1.0
TTC9B,-1.0,-1.0
TTK,-1.0,-1.0
TTLL1,-1.0,-1.0
TTLL13,-1.0,-1.0
TTLL8,-1.0,-1.0
TTLL9,-1.0,-1.0
TTTY2,-1.0,-1.0
TUBA3D,-1.0,-1.0
TUBA3E,-1.0,-1.0
TUBB4,-1.0,-1.0
TUBB4Q,-1.0,-1.0
TUBB8,-1.0,-1.0
TUBBP5,-1.0,-1.0
TUBD1,-1.0,-1.0
TULP1,-1.0,-1.0
TXNDC2,-1.0,-1.0
TXNDC3,-1.0,-1.0
TYR,-1.0,-1.0
TYW1B,-1.0,-1.0
UBE2CBP,-1.0,-1.0
UBE2MP1,-1.0,-1.0
UBE2T,-1.0,-1.0
UBE2U,-1.0,-1.0
UBL4B,-1.0,-1.0
UBQLN3,-1.0,-1.0
UBTFL1,-1.0,-1.0
UCA1,-1.0,-1.0
UCKL1AS,-1.0,-1.0
UCN,-1.0,-1.0
UCN2,-1.0,-1.0
UCP3,-1.0,-1.0
UFSP1,-1.0,-1.0
UHRF1,-1.0,-1.0
ULBP1,-1.0,-1.0
ULBP2,-1.0,-1.0
ULBP3,-1.0,-1.0
UMODL1,-1.0,-1.0
UNC5A,-1.0,-1.0
UPK2,-1.0,-1.0
UPK3BL,-1.0,-1.0
USP17,-1.0,-1.0
USP26,-1.0,-1.0
USP29,-1.0,-1.0
USP43,-1.0,-1.0
USP49,-1.0,-1.0
USP6,-1.0,-1.0
UTF1,-1.0,-1.0
UTS2,-1.0,-1.0
VASH2,-1.0,-1.0
VAX1,-1.0,-1.0
VAX2,-1.0,-1.0
VCX,-1.0,-1.0
VCX2,-1.0,-1.0
VCX3A,-1.0,-1.0
VCX3B,-1.0,-1.0
VENTX,-1.0,-1.0
VENTXP1,-1.0,-1.0
VGLL2,-1.0,-1.0
VHLL,-1.0,-1.0
VMAC,-1.0,-1.0
VN1R1,-1.0,-1.0
VN1R4,-1.0,-1.0
VN1R5,-1.0,-1.0
VPREB1,-1.0,-1.0
VPS37D,-1.0,-1.0
VSIG1,-1.0,-1.0
VSIG10L,-1.0,-1.0
VSTM1,-1.0,-1.0
VSX2,-1.0,-1.0
VWA5B2,-1.0,-1.0
VWCE,-1.0,-1.0
WBP11P1,-1.0,-1.0
WBSCR26,-1.0,-1.0
WBSCR27,-1.0,-1.0
WBSCR28,-1.0,-1.0
WDHD1,-1.0,-1.0
WDR4,-1.0,-1.0
WDR52,-1.0,-1.0
WDR53,-1.0,-1.0
WDR62,-1.0,-1.0
WDR66,-1.0,-1.0
WDR67,-1.0,-1.0
WDR76,-1.0,-1.0
WDR87,-1.0,-1.0
WDR88,-1.0,-1.0
WDR93,-1.0,-1.0
WFDC10A,-1.0,-1.0
WFDC10B,-1.0,-1.0
WFDC11,-1.0,-1.0
WFDC3,-1.0,-1.0
WFDC8,-1.0,-1.0
WFIKKN1,-1.0,-1.0
WISP1,-1.0,-1.0
WNT10A,-1.0,-1.0
WNT10B,-1.0,-1.0
WNT2,-1.0,-1.0
WNT3,-1.0,-1.0
WNT6,-1.0,-1.0
WNT7B,-1.0,-1.0
XAGE1D,-1.0,-1.0
XAGE5,-1.0,-1.0
XCL1,-1.0,-1.0
XIRP1,-1.0,-1.0
XKR3,-1.0,-1.0
XKR5,-1.0,-1.0
XKR7,-1.0,-1.0
XKR9,-1.0,-1.0
XKRX,-1.0,-1.0
XRCC2,-1.0,-1.0
XRCC3,-1.0,-1.0
XRCC6BP1,-1.0,-1.0
YBX2,-1.0,-1.0
YJEFN3,-1.0,-1.0
YY2,-1.0,-1.0
ZACN,-1.0,-1.0
ZAN,-1.0,-1.0
ZAP70,-1.0,-1.0
ZAR1,-1.0,-1.0
ZAR1L,-1.0,-1.0
ZBBX,-1.0,-1.0
ZBED2,-1.0,-1.0
ZBP1,-1.0,-1.0
ZBTB12,-1.0,-1.0
ZBTB25,-1.0,-1.0
ZBTB26,-1.0,-1.0
ZBTB3,-1.0,-1.0
ZBTB32,-1.0,-1.0
ZBTB8B,-1.0,-1.0
ZC3H12D,-1.0,-1.0
ZC3HAV1L,-1.0,-1.0
ZCCHC4,-1.0,-1.0
ZDHHC11,-1.0,-1.0
ZDHHC22,-1.0,-1.0
ZDHHC23,-1.0,-1.0
ZDHHC8P1,-1.0,-1.0
ZFATAS,-1.0,-1.0
ZFP42,-1.0,-1.0
ZFP57,-1.0,-1.0
ZGLP1,-1.0,-1.0
ZIC1,-1.0,-1.0
ZIC2,-1.0,-1.0
ZIC3,-1.0,-1.0
ZIC4,-1.0,-1.0
ZIC5,-1.0,-1.0
ZIM3,-1.0,-1.0
ZKSCAN3,-1.0,-1.0
ZKSCAN4,-1.0,-1.0
ZMYND10,-1.0,-1.0
ZMYND15,-1.0,-1.0
ZMYND17,-1.0,-1.0
ZNF100,-1.0,-1.0
ZNF101,-1.0,-1.0
ZNF107,-1.0,-1.0
ZNF114,-1.0,-1.0
ZNF121,-1.0,-1.0
ZNF124,-1.0,-1.0
ZNF137,-1.0,-1.0
ZNF169,-1.0,-1.0
ZNF177,-1.0,-1.0
ZNF182,-1.0,-1.0
ZNF193,-1.0,-1.0
ZNF2,-1.0,-1.0
ZNF20,-1.0,-1.0
ZNF200,-1.0,-1.0
ZNF232,-1.0,-1.0
ZNF233,-1.0,-1.0
ZNF234,-1.0,-1.0
ZNF239,-1.0,-1.0
ZNF273,-1.0,-1.0
ZNF280A,-1.0,-1.0
ZNF280B,-1.0,-1.0
ZNF280C,-1.0,-1.0
ZNF283,-1.0,-1.0
ZNF284,-1.0,-1.0
ZNF286B,-1.0,-1.0
ZNF30,-1.0,-1.0
ZNF300,-1.0,-1.0
ZNF322B,-1.0,-1.0
ZNF324B,-1.0,-1.0
ZNF341,-1.0,-1.0
ZNF35,-1.0,-1.0
ZNF354B,-1.0,-1.0
ZNF365,-1.0,-1.0
ZNF367,-1.0,-1.0
ZNF389,-1.0,-1.0
ZNF416,-1.0,-1.0
ZNF417,-1.0,-1.0
ZNF419,-1.0,-1.0
ZNF432,-1.0,-1.0
ZNF443,-1.0,-1.0
ZNF449,-1.0,-1.0
ZNF469,-1.0,-1.0
ZNF474,-1.0,-1.0
ZNF479,-1.0,-1.0
ZNF485,-1.0,-1.0
ZNF488,-1.0,-1.0
ZNF492,-1.0,-1.0
ZNF497,-1.0,-1.0
ZNF519,-1.0,-1.0
ZNF525,-1.0,-1.0
ZNF530,-1.0,-1.0
ZNF534,-1.0,-1.0
ZNF543,-1.0,-1.0
ZNF547,-1.0,-1.0
ZNF550,-1.0,-1.0
ZNF551,-1.0,-1.0
ZNF556,-1.0,-1.0
ZNF557,-1.0,-1.0
ZNF560,-1.0,-1.0
ZNF565,-1.0,-1.0
ZNF566,-1.0,-1.0
ZNF567,-1.0,-1.0
ZNF572,-1.0,-1.0
ZNF586,-1.0,-1.0
ZNF594,-1.0,-1.0
ZNF599,-1.0,-1.0
ZNF600,-1.0,-1.0
ZNF607,-1.0,-1.0
ZNF610,-1.0,-1.0
ZNF616,-1.0,-1.0
ZNF628,-1.0,-1.0
ZNF630,-1.0,-1.0
ZNF642,-1.0,-1.0
ZNF643,-1.0,-1.0
ZNF648,-1.0,-1.0
ZNF653,-1.0,-1.0
ZNF669,-1.0,-1.0
ZNF670,-1.0,-1.0
ZNF674,-1.0,-1.0
ZNF675,-1.0,-1.0
ZNF678,-1.0,-1.0
ZNF679,-1.0,-1.0
ZNF681,-1.0,-1.0
ZNF683,-1.0,-1.0
ZNF695,-1.0,-1.0
ZNF70,-1.0,-1.0
ZNF701,-1.0,-1.0
ZNF705A,-1.0,-1.0
ZNF705D,-1.0,-1.0
ZNF71,-1.0,-1.0
ZNF713,-1.0,-1.0
ZNF716,-1.0,-1.0
ZNF732,-1.0,-1.0
ZNF735,-1.0,-1.0
ZNF738,-1.0,-1.0
ZNF749,-1.0,-1.0
ZNF765,-1.0,-1.0
ZNF77,-1.0,-1.0
ZNF771,-1.0,-1.0
ZNF773,-1.0,-1.0
ZNF775,-1.0,-1.0
ZNF786,-1.0,-1.0
ZNF789,-1.0,-1.0
ZNF79,-1.0,-1.0
ZNF792,-1.0,-1.0
ZNF8,-1.0,-1.0
ZNF80,-1.0,-1.0
ZNF81,-1.0,-1.0
ZNF815,-1.0,-1.0
ZNF816A,-1.0,-1.0
ZNF837,-1.0,-1.0
ZNF845,-1.0,-1.0
ZNF85,-1.0,-1.0
ZNF878,-1.0,-1.0
ZNF92,-1.0,-1.0
ZNF93,-1.0,-1.0
ZNF99,-1.0,-1.0
ZNHIT2,-1.0,-1.0
ZP1,-1.0,-1.0
ZP3,-1.0,-1.0
ZP4,-1.0,-1.0
ZPBP2,-1.0,-1.0
ZPLD1,-1.0,-1.0
ZSCAN10,-1.0,-1.0
ZSCAN12P1,-1.0,-1.0
ZSCAN16,-1.0,-1.0
ZSCAN20,-1.0,-1.0
ZSCAN22,-1.0,-1.0
ZSCAN5A,-1.0,-1.0
ZSCAN5B,-1.0,-1.0
ZSWIM2,-1.0,-1.0
ZSWIM3,-1.0,-1.0
ZUFSP,-1.0,-1.0
ZWINT,-1.0,-1.0
ZYG11A,-1.0,-1.0
