,0
0,GACGCAACATAGACCC-1
1,GAGGTGAGTTATCGAG-1
2,TCATGCCTCCATAAGC-1
3,TATGGATGTGATCATG-1
4,GGCTAGACAGTAGGAT-1
5,TGCATTAAGGAACGCG-1
6,TGATGATGTCGTTACT-1
7,TACCCGGCAAGGTGGC-1
8,TTACGTTTCAGCTAAC-1
9,AGTTGCAGTGATGATT-1
10,AAGTGAAGTCAAAGAA-1
11,GAAACCCGTGCACGCA-1
12,TCCATGCTCGGTTACG-1
13,CTGCAATAGGCCGGAA-1
14,TAGTGGCGTATTTGCC-1
15,GTTTAGCAGCACAGCC-1
16,ACCTCACTCGCTAAGT-1
17,AATTTGCCAATAACGA-1
18,ATCGGCCAGTAAGGGC-1
19,ACAACATGTCCTAATC-1
20,TGATGACTCCGGGACT-1
21,CCAACCAAGTTAGAGG-1
22,TCTCAAGCATAGCGAG-1
23,AAGCTTGGTTGCATCT-1
24,AGCTGCTCAACACTTG-1
25,CGATTCCTCAATCTCT-1
26,CATTCATTCGGTTACG-1
27,TGGAACAAGTTTGGGT-1
28,TGTTCATTCGGTTTGG-1
29,CAAGGCCTCGTTTCGC-1
30,GTTACTCGTTAGAGCC-1
31,GATAAGCCAGCCTAAC-1
32,AAGTAGCCAAGCCAGA-1
33,CTTCAATTCAAGCTAC-1
34,GGTCAGGAGCACTAGT-1
35,CGAACAAAGATAAAGC-1
36,ACGCCTAAGGGATTAG-1
37,GGGTTTCCACAACAGG-1
38,CCTAAGTAGGCTACTG-1
39,CTTTAGTTCGTTCACC-1
40,TTGGTGAGTGGAAACG-1
41,TACGCTTGTAAACAAG-1
42,ATCAAGACAAGGTCGA-1
43,ATGTCATCAAGGTGCA-1
44,AGATGAAGTTACTTGC-1
45,ATAGCATGTCGACTAA-1
46,CCTAATAAGCGATAAG-1
47,GCGGTTGGTTATCCGT-1
48,TACGCACCACGGTTTA-1
49,GGACTAAAGCGCTCAA-1
50,CTGTACCTCGCCTAAG-1
51,GGTGAGGTCCCATAAA-1
52,AGCCGGTTCCGTGACA-1
53,TATGGCCCACTATGGC-1
54,AGTCCTTGTATACTGG-1
55,CCCTCATAGGGACTAA-1
56,ACGCCTTTCTGCAAAC-1
57,GTTCCTTCAAGTTATC-1
58,ACACTTGCACAAAGAC-1
59,TAAGGCTTCACACAGT-1
60,GTGGCTTCATAGACCC-1
61,AAGTTAGCAGGAACCA-1
62,GGCCTTCGTAACTACG-1
63,AACCTTGCAACTCGCG-1
64,ATGGACAAGGCGGGTA-1
65,AGCTCATAGTCATCCC-1
66,GCAAGTCGTTCATTTG-1
67,AGCTAACTCAGGATGA-1
68,ATTACTGAGCACCACA-1
69,CATGCATAGGGTGAAC-1
70,CTATGACAGCAACATC-1
71,AATTAGCGTAATAGCT-1
72,GGATGAATCGGCTAGC-1
73,AGTCCTTGTCAAGTGC-1
74,ATGGTTATCTCACTAT-1
75,CTCTAGCTCTATTGTC-1
76,ACTCGCGCACAAAGAC-1
77,CGAATATGTTGCAATG-1
78,AGGCCCAGTTAAGTGT-1
79,GAGAACCAGCACCACA-1
80,TCCTGTTCATTTGCTC-1
81,TTGCATTTCATAGACC-1
82,GCGAAGCCAGCACCAT-1
83,GTTTCAGCACAGGAAT-1
84,TTTGTGAAGTATTGTG-1
85,CTTGTAAAGAGGAGTC-1
86,GGTAACTTCGGTTTGG-1
87,CCTGGTAAGGTCCTGA-1
88,AAAGGCTCATGTTGCA-1
89,CGTGGTTCAATAGCAA-1
90,CGGGACAAGAGAGGCT-1
91,AGTGGACAGCCTCTGT-1
92,TAGCATATCCTTGCAC-1
93,GTCGAAGCAGCAATAA-1
94,CCGCTTAGTTATCGAG-1
95,CTACTAAAGGCGAAAC-1
96,ATCCTTAGTCTTTGAC-1
97,ACAGTATGTCCGTGAG-1
98,GGAAGCTAGGAGGGTT-1
99,GGATGGCCAAATATCC-1
100,GGATTGCGTTACTAGG-1
101,CAAACCGTCGGCTAGC-1
102,GAAAGGCTCATTGTCT-1
103,TGAAGGATCACGCCAA-1
104,TTCGTTAGTGCATTTC-1
105,GGCGCTAGTGGAAACG-1
106,GTTAAGTGTTTAACCC-1
107,TTGCGTCTCAATTGGC-1
108,ATAGGTACACGTAAGG-1
109,GAACACAAGTGAAGTG-1
110,GCTGACCAGGCGCACT-1
111,GGTTCTTGTATTGAGT-1
112,TAGCGGCTCACGCGGT-1
113,TTGTCCCAGGTGTCCA-1
114,CATTGCGAGGACTTAC-1
115,CGAATATGTCAATACG-1
116,CGGTTGGGTCGTAATG-1
117,AGTATAGCAAATGCCC-1
118,AAGTTTGTCTAAGTGC-1
119,GGACTAAAGACTTACA-1
120,ATGCTTAAGCACTAGT-1
121,AGGAACCAGGATTTGC-1
122,GGGTATTTCTAACTGA-1
123,GATTACGGTAGGTTAT-1
124,TTTGCGGAGGGTGGAT-1
125,CCCGTTGTCTCACATT-1
126,GACTATTCAGGACCTT-1
127,GTGCATTAGGTCGATT-1
128,TAGTTGTCACGGTACT-1
129,ACGAATCTCCTACCTA-1
130,AGCCGGTTCCTTAATC-1
131,TATAGGTGTATTGTCC-1
132,TTGACATCAATGAGGT-1
133,CAGGACCTCTTAGCCC-1
134,ATAAGTCGTATTCGCT-1
135,CATCAATCAATATAGG-1
136,AGGTTAGAGAGGCTAA-1
137,CCTGAATAGGCTTAGT-1
138,TCTTCAAGTGGTTCCC-1
139,GGCTCAATCCAAATCA-1
140,TTCAGTTTCATCAGTA-1
141,TTAACCAAGTTCCCGT-1
142,GGTGTGACAGGAACTG-1
143,GCTGCAATCGCTATAA-1
144,TCGATTAAGGAGTCTT-1
145,TTTACGAAGCTACTGG-1
146,GACATAGAGGCTAAGA-1
147,AGGTTTATCAAAGGCA-1
148,GTGATCAGTCTAACAG-1
149,CTCATGCTCGTTAACA-1
150,CTTATTGGTTGGCCGA-1
151,TCAGGTCCAAGGTCCT-1
152,ACCGAAGCACAGCCAT-1
153,TTGCGAGTCTGTTGCC-1
154,GTACTTCGTGCGCAAT-1
155,ATTGTCCGTGGATGTC-1
156,TTCCCACAGACAGGTA-1
157,ACCTTCATCCGGGACT-1
158,TGAGCACGTAAGGTCC-1
159,AGTCCTTGTTAGGACC-1
160,GAGTTGCGTCATTGAG-1
161,AAATGGCCACCTCACC-1
162,ATTGGCTAGGTAGCTT-1
163,GCTTAACAGCAAGATG-1
164,GACCTGCAGTTAGTTG-1
165,CTAGTTGCATTGCGAC-1
166,TGTAAGTGTTAAGGTT-1
167,AGGTCATTCATTCATC-1
168,ATCTTTGGTCATAACG-1
169,AAGCGTTTCCACCCTG-1
170,GTACTGGTCGATTATG-1
171,TGGCTATAGTTAGAGG-1
172,TGCGCGAGTGCATCGG-1
173,CGACTAAGTCATCAAG-1
174,AACGCCCAGTTTGGGT-1
175,AATTTGCCAGGAAGCC-1
176,CGTTTCTCATAGTCAT-1
177,ACGAAGTCAAGGATTA-1
178,AGCTAACTCCTGTTCA-1
179,TACGTACAGCTGGAAA-1
180,CATAGCTAGTGAACAG-1
181,CTTGAACAGGTCATTA-1
182,CTCTTGATCGGTCAAT-1
183,AGTTACTCAGAAATGC-1
184,GGTAGGAGTCATTGAG-1
185,TGACCTTGTTAGGACC-1
186,GTCGCAATCTCACTCA-1
187,TGTAAGTGTGGAAACG-1
188,CTTAAGGGTTAGGACC-1
189,TAGCGGACACGAATTT-1
190,GGCGGTAAGATAAAGC-1
191,CTCTCACAGGACAATG-1
192,GTTGGCCAGATAGACG-1
193,ACTGAAACAACACTTG-1
194,ACTTATCTCGCTCCAT-1
195,ACGGGAAGTTTAGTCC-1
196,TATGGTCAGTTTCCTG-1
197,CGTTTCTCAACCCTAA-1
198,GGACAGCCAGTTTCTC-1
199,AGCATTTCAGAAATGC-1
200,GGCGATACAGTCTAAT-1
201,ACAGTATGTATTGTCC-1
202,GACCTGATCCCGAACA-1
203,TGTAAGCTCGGCTAGC-1
204,CTATGATCAATAGTCT-1
205,GTTTGTTTCACCTGTC-1
206,GTAGGAGGTCAGGAAG-1
207,GGACGAAGTTACGCGG-1
208,TGAACAGAGCATGCAT-1
209,CAATGTGGTTCGCTTG-1
210,TATGACATCCCTCAGT-1
211,GCTCTGGCACTTAACG-1
212,GAGGGAGCACGTGCTG-1
213,CCGTGCTGTTAGGTTG-1
214,TCAAGAACAGCCGCTA-1
215,AGGTTTATCATTGTCT-1
216,AGACAATAGTTAACCA-1
217,AGGTGAATCATTAGTG-1
218,GTGATCAGTCCGCTGT-1
219,TGAAGTGAGTTTGGGT-1
220,GAGGACTAGGGTCCAC-1
221,TGCCTGTTCAAACACC-1
222,GATTCAATCCTGGTGA-1
223,AAACCGGCACTTGTTC-1
224,ATTTGCGCATCCTGAA-1
225,CTATTCAGTGCTAGCG-1
226,GCTCTGGCAAATACCT-1
227,CGCCTGTGTTTGTCTA-1
228,TTATAGCCATGTTGTG-1
229,TGGTAAACATGTTGTG-1
230,CTCATGCTCATCCACC-1
231,ATCCACCTCTGCAACG-1
232,CAGGTGGAGTAGCCAT-1
233,GGCCAACTCTAAATCG-1
234,CAGCTAAGTTAACGAT-1
235,CAAACCGTCTCACTAT-1
236,CAGGACCTCGTTATCT-1
237,TGAGTTTCATTGTCAG-1
238,TGATCACAGGTGCGGA-1
239,GGCATTGTCTAACTGA-1
240,ATTCGTTTCACAGGAA-1
241,TGCATTAAGTTTGCGG-1
242,TTTCTCACAACATAAG-1
243,CACAATATCCGCACAA-1
244,AGGTGAGGTACGGTAC-1
245,GCATGAGCAGCCTAAC-1
246,CTATTACTCATGCATA-1
247,AGGATATAGCATGCAT-1
248,ACCAGCTCAGAAATGC-1
249,GCCACTAAGTCATGCG-1
250,AAACGCGCAATAAGCA-1
251,GCCTGTGCAATAGCAA-1
252,AAGCGAATCTCACAAA-1
253,GGTCAATTCAGCATTA-1
254,ACTTGTAAGCAAGATG-1
255,TTTCCTGAGTAAGTGG-1
256,CGCTAACCAGTGAACG-1
257,GCAGGTTGTTGCGCGA-1
258,GGGTGTTGTTGCAATG-1
259,TCATTGTTCACGCCAA-1
260,CTTATTGGTTTGACCT-1
261,ACTATCCGTTCGCTCA-1
262,CCACATTGTGCTTTAC-1
263,CATTCATTCCTAGTAA-1
264,GGACTAAAGTATCGCG-1
265,CATAATGTCTGCAACG-1
266,AATGTCCAGCTCAATA-1
267,TGAGAACCAGCCTTGG-1
268,GTTCGCTTCGACCTGA-1
269,CCTACTTCAGCTCAAC-1
270,TGACCAAGTTACTTGC-1
271,GTTGCTGAGCACAGAA-1
272,TGTGCTGAGGGTTAGA-1
273,ATTCCGGAGCTAATTG-1
274,GAGTAATAGCGAGGTG-1
275,GGATGTAAGCTTTGGG-1
276,ATCACACAGGTGTTAC-1
277,TTGCAAGGTCATTGAG-1
278,CCTAAGCCAACAGCCT-1
279,TCTGGCTTCGATATTG-1
280,ACCAATATCGCTCCAT-1
281,GAAGCTAAGTTGTCTT-1
282,GGTAAACCATGTTTGG-1
283,AATTGTGTCGGGACTC-1
284,TGTTACTTCATTTGCT-1
285,TACAATGTCGAGGTGG-1
286,AGCACTAGTTTGCGCC-1
287,CGCTTAACAGGGAGGA-1
288,GCTCAACCATACCCGG-1
289,CTTCATCCAGGACCAA-1
290,GAGATAAGTTGAGGTC-1
291,GGGCGAATCGTTACAA-1
292,TACTGGCCACAATGCC-1
293,TTAAGTGTCCGTCCAT-1
294,TTAGGATGTGTTTGAG-1
295,ACTGAAACAGCGCTTG-1
296,AGGGTTGCATGAAATG-1
297,GTGCTCCGTGCATTTC-1
298,GTCCGTAAGGCTGTGC-1
299,CGTCAATAGTAGCGGG-1
300,CTATAACCATTGCGTA-1
301,GCGAAGTAGCGGGCAA-1
302,TGATGAACATGGTTAT-1
303,TCACATAAGTAGCTTA-1
304,CCCTGGACATAGCGGA-1
305,TGTGAAACATCACTTC-1
306,AGGAACCAGCCTAATA-1
307,CCACTTGGTCACACCC-1
308,CCACTTGGTACCTTAC-1
309,AACAGCAAGGAGTCGG-1
310,GGCTATGTCTTTGTAC-1
311,CGTGAGGAGCTGTCAG-1
312,CGATTATCAAGGTATA-1
313,TATTAGGTCGAAGTAG-1
314,AAATGCCTCGACCTGA-1
315,GGTTATGGTGATTACG-1
316,ATATGCATCCTGTTCA-1
317,ACACCTTGTTATCCGT-1
318,AATAACCGTCCCGAAG-1
319,AGTTATGTCAATAGCC-1
320,GTGGCTTCAGGGAGGA-1
321,CAGTATGGTTACATCC-1
322,CTCAGGATCATGCAAC-1
323,TATCCGGAGCGTGCAC-1
324,GTGCTGATCGTTATCT-1
325,GTTGGAGCAGTTAAAG-1
326,ATGGCTAGTAATAACC-1
327,TACCGCAAGTCGCAAT-1
328,TCCAGGATCGTTCACC-1
329,GACTTGGTCCTACCTA-1
330,CAGAACCGTTAGTACG-1
331,GGTTACTAGCGGATTT-1
332,TAGCTTAAGGCATGAA-1
333,GAGTTACTCCACAATA-1
334,CCGTGCTGTCAATGTG-1
335,TCAAGGAAGCCAAATC-1
336,TAGCGGCTCATTGACA-1
337,CTAGATTCAGCAATAA-1
338,GCTAACAGTACTTAGG-1
339,AGCCTAAGTGTGCACG-1
340,GCCTTACTCGCATTAA-1
341,TTCCCGCCAGCCAGAA-1
342,TAACAAGCACTAAGAA-1
343,CAAGTTATCATCCTCA-1
344,TTCACTGTCGTTACTT-1
345,ATGCAGGCAATTGACT-1
346,ACGGTACGTTTGAGGC-1
347,CCGACAGGTGTCCAGG-1
348,CAGGGTGAGGAAGCAC-1
349,AAGACCAAGGTGCTGC-1
350,ATAGATGCATTGTGTG-1
351,TTATGACCATCCCTCA-1
352,AACCTCACAGTCTATG-1
353,ATGGTTATCCTACCTA-1
354,TAGCTTGCAAGCTAAA-1
355,TGTTTGTTCCTGGTGA-1
356,GCATATATCGTGCTAG-1
357,TGTGGAGCACGAACAG-1
358,TTAAGTGTCCTGATGG-1
359,TGTTGTTTCCGGAACC-1
360,AGAGAGGAGGCACAGG-1
361,TTGTCAAAGTTATGGC-1
362,GACCTTTGTCCGTGAG-1
363,ACGGTTAGTAGCTAGC-1
364,CATTGTGCAACAGCCT-1
365,CTGAATATCTAAATCG-1
366,AGTCCTGAGCTATTAG-1
367,TGGTTCTGTGCTAGCG-1
368,AGTCAATGTTACGCAA-1
369,CCAACATAGCGGATAA-1
370,ACCTTCATCCACCTTA-1
371,CGCGATTCACCATATG-1
372,ATTCGTTTCAGGAACA-1
373,TTTATGGAGGTCCACA-1
374,TGCATGAGTGTGCACG-1
375,ACTTAGGGTGCTGGTG-1
376,GTATGTGGTACGTTTC-1
377,TCCGGTAAGTTGGATC-1
378,TGCATCCTCCAGGTCA-1
379,GGTTAGCGTGTTGTGA-1
380,CACCTCAGTAATCACG-1
381,AACCTCCTCTTGTCCA-1
382,ATGGTGCGTTTGACCT-1
383,TTGCGAGTCCTTCTAG-1
384,TCAAGGAAGCCAGGTC-1
385,GGTTGAGCATTAAAGG-1
386,GAAGTAAGTTTCGCGC-1
387,CAAACATGTGCATCGG-1
388,CCATCATGTAGGTTGC-1
389,CCTACTGGTGCACGCA-1
390,TTATAGCCATTAAGCT-1
391,CGCTTAACAGCACGAA-1
392,CGCTTAACACGTTACA-1
393,TCAGCCTTCAATTACG-1
394,CTACTTAGTATTGCAG-1
395,CCGATGCAGTGAACGA-1
396,AAGAACAGTTCACTGT-1
397,GGCCTTAAGCGATACT-1
398,TTTGACCGTGCATTTC-1
399,CCGCAAGGTTAGGACC-1
400,GGACGGATCCACCCTG-1
401,ATTGTCCGTTGGTGAC-1
402,GGGTTTGTCGCGACAC-1
403,TTGACGTAGGCCGGAA-1
404,AGGTCCGGTTACTTCA-1
405,GTGGTTAGTCATGCCC-1
406,CACAGGCTCGAAGCGG-1
407,GTTAACGGTGGAGCAA-1
408,GGTAACCGTTAACGAT-1
409,GATAGACCAGTTTCTC-1
410,GGCGTTATCTTTAAGG-1
411,TGACCTTGTGAGAAAC-1
412,CTAACCTGTGTCCAGG-1
413,CGCATATAGGGCCATC-1
414,GCCTAATAGCTTTGGG-1
415,CAAAGCGCAATTAACC-1
416,CAAACATGTTAGGTTG-1
417,GGTGCTTCAGGCTTGT-1
418,CTTTCTTGTTTCGCCA-1
419,GTAGCCATCAGCACCA-1
420,TTGTTCCCAGGTTACC-1
421,ACCTAAGGTATTACCC-1
422,GCTTCGCGTAAATTGC-1
423,AGGCGGATCGATTTAG-1
424,AATGCATGTTAGCATG-1
425,TCGTCAACATTGTCAG-1
426,TATGGGCGTGTTTGCT-1
427,AGCTCATAGCTGGCTA-1
428,TCATTACTCGGCTATG-1
429,GATCCGTCAAACTAAG-1
430,AGCGGATAGTTCCCGT-1
431,CCAACATAGCATGGTT-1
432,GGTTTAATCATAGACC-1
433,AGTTACATCCATTACT-1
434,CTAGCTGAGTTTGCGG-1
435,ACCCAGGGTTTATTCG-1
436,ATTGACTCACACAATT-1
437,CAAGACAAGAGAGGCT-1
438,CGCTCAGCAATAACGA-1
439,GGGCATGAGCTGGCTA-1
440,GCCTTGCGTCCGTAGG-1
441,CGCTAACCACTAAATC-1
442,TTACCTGTCTCCTCTT-1
443,CACTTTGTCTTGGACG-1
444,TGCTCAACAGCTAATT-1
445,ACTATGTCAGAGAGCC-1
446,CTTTGTCCAGCCTAAC-1
447,TAGGTTGGTAGGTTTG-1
448,AGGCCCAGTCATCCTG-1
449,GATGGCTGTGTGTGGT-1
450,CCTTAACGTTGACTTC-1
451,TCGCATTGTCCTTTAA-1
452,TTACAGCAGGCATTGT-1
453,CAATGACTCCTTAATC-1
454,GGCCGTTAGGACCTTG-1
455,GGCTGAGAGTTGGGCC-1
456,GCTAAGCGTCGCAAAC-1
457,GTACCGGGTACGGTAC-1
458,TACTGCACATGAATAG-1
459,ACCCAGGGTTTGAGCA-1
460,AGGATCCGTACCGTTT-1
461,TGGGCCTAGTCAATCA-1
462,TTAAGTGTCTGTGCCT-1
463,GGCGCTAGTTCCTGAT-1
464,ACCTCACTCCTAAATG-1
465,TGTGGCGGTACTTCAC-1
466,CGTAATGGTTGGTTCT-1
467,AACATAGCACGAATCC-1
468,TGCTTTAGTAGGATTT-1
469,TGGTCAAGTGATCAGC-1
470,ACTTTGTTCTCACTCA-1
471,AGCCAGTGTATTTGCC-1
472,ATTACCCGTATTGTCC-1
473,ATTGCGCCATTCAGCA-1
474,ATGTTTGAGCAAGGTA-1
475,TAAGCTGGTACAATGT-1
476,AACCGCTCAGTTATGT-1
477,CCCTTAATCATGCATA-1
478,CATTCATTCTAACCAA-1
479,CTTATGTTCCTTTACG-1
480,TGTTAGCAGGGCCACT-1
481,ACTGAATGTCACAGAC-1
482,CGATCCTTCATCCTGC-1
483,GCTGCATCAGTTTGGC-1
484,AGCTTGGTCCCGTTGT-1
485,ATGCATTCAGCCTGCA-1
486,CTATTACTCCCTCATA-1
487,ACGATTCAGCGAGGTG-1
488,TGGCCTTTCGGGCCAT-1
489,TATTTGGAGCTGAGGG-1
490,TTTAACGAGCTAAGTC-1
491,GACTTAGGTGTTTGTC-1
492,ATTTGTGAGGACCGCT-1
493,GCGGTTATCCGGTTAG-1
494,TTAGTCAAGGCGAAAC-1
495,GCCACTAAGACACTTA-1
496,ACCTCACTCACAGCGC-1
497,ACTAACCAGCACTAAC-1
498,GATTGGTTCCAATAGC-1
499,GGATGGCCATCCCTCA-1
500,GGTACAAAGAAGGTGC-1
501,GTGTTCCTCAGGATGA-1
502,GTGCTTCTCTCCTCAA-1
503,CTAGTCGAGGTAAGGC-1
504,GATGCTTAGTTAGAGG-1
505,AAGCCACGTCATCATC-1
506,TAGGCTTAGGTAGCTT-1
507,AGTTTGATCCGCAAGC-1
508,GCCTGACAGGCCTTAG-1
509,ACAAACTGTGCATTTC-1
510,GCGGGTTTCCGTAAAC-1
511,CCCAGCACAGCAACCT-1
512,CCATCATGTTACGCAA-1
513,GTCAATATCTTGCAAA-1
514,CTTTAGTTCACACAGT-1
515,TTGACTAAGCATTAGC-1
516,AACTTAGTCCTGTTCA-1
517,GCCTACTTCCATAAGC-1
518,GCCAACATCTAAGTCA-1
519,CACTTTGTCCACAATA-1
520,TCTAAGGGTCCCGGAA-1
521,GCAATAGAGTGTTGCG-1
522,CATCATGCATAAACCT-1
523,TTCACTGTCCAAACAC-1
524,CTCATTAGTTACGCGG-1
525,ACCTACCTCTAACCAA-1
526,AGGTTAGAGTAAGGGC-1
527,CTCATGCTCTATCGCC-1
528,ATAACGACAATTATGC-1
529,ACAGGATCAGCAACAG-1
530,ACGCCTAAGACAGGTA-1
531,GAGGCAAGTACCTTAC-1
532,TGATCGAGTTTGTTGC-1
533,CCGCCAACAACTGGCT-1
534,TTTGTGTTCTAGCGTG-1
535,AATTAGCGTGGTGAGA-1
536,TCACTGACATCAATCG-1
537,CTGCTATGTGGTTAGC-1
538,TGATCGAGTTCGGGAT-1
539,TAAGCTGGTCGTAAAT-1
540,GCAACAGCAATTTGGT-1
541,CGTTTGGAGGGATTAG-1
542,TCCGGAATCCTCGATC-1
543,TTGCAAGGTCCCGAAG-1
544,GCCTGTGCAGAACCGA-1
545,CTGTACCTCTAAGTGC-1
546,TTTGTGGCATTATGAC-1
547,AAGCTTGGTACGGTAC-1
548,GATTGCGTCGTTCACC-1
549,CCATCATGTTGGATCA-1
550,CGAGCGAAGCATGACT-1
551,GGTTACCCAATTGAAG-1
552,TCAGTGAGTTTGACCT-1
553,TGCTTGCTCAATCTAG-1
554,AATAACCGTTACTTCA-1
555,CAGGACCTCCTGATGG-1
556,GGCTTAAGTGCTCCAC-1
557,AAGGATCCAAGTGTCC-1
558,CTTCAATTCCTGTTCA-1
559,GGGTTTGTCTTACTCG-1
560,TGTAAAGCAATTGAGA-1
561,TCCATTGTCACATTGA-1
562,TGCTTCATCTTAAGTG-1
563,TCATCCATCCTTTACG-1
564,TGGTAAACAGTTTCTC-1
565,CGGAATCGTTCACCCA-1
566,GCCTTAACAAACCTTG-1
567,CTATTCAGTCATGCAA-1
568,GGTATGTTCCCTGACT-1
569,TATTCGTTCCCTGATC-1
570,GATTGGCGTTTCCACG-1
571,GAACCAAAGCGAGTAA-1
572,TGCTTGCTCATAGCCG-1
573,CCACAGGGTAATCGCA-1
574,CAGCATGTCGGTCAAT-1
575,CAGGTCCAGCATCCAG-1
576,GCTGGATGTTGGTTCT-1
577,CCTCAAACACTGACTA-1
578,AGCTTGGTCAGGGCCT-1
579,CCGCTTAGTGACCTGG-1
580,GCTTTGTGTCTCAGCC-1
581,TGACTTAAGTTCCCGT-1
582,CAATGACTCGCTCCAT-1
583,TTTAAGGTCGGTAACT-1
584,CCATTGTGTATTACCC-1
585,CATGGATTCAAGCTTA-1
586,GTACTGGTCCACAATA-1
587,AGCCGCTAGGAACGGT-1
588,TGCTTTAGTGGATTGC-1
589,AAAGCTTGTGCAATGC-1
590,TTTACGCGTTGCCTCA-1
591,TGAGGAGGTTTAGTCC-1
592,TGCAGGCTCTCCTCTT-1
593,GGTAGGAGTCCTAATC-1
594,TATTAGGTCCCTCATA-1
595,GCCTTAGAGACAGGTA-1
596,TTTAGGATCCTAATTC-1
597,TGTTGTGCAAAGCCTC-1
598,AGTACGCGTGCATTTC-1
599,AAGCTATGTTATGTGG-1
600,GCACGAACATAGTCAT-1
601,CTCTAGCTCCTCCCTC-1
602,GAGATAAGTTTCAGGA-1
603,CGAAGTAAGTTCCCGT-1
604,ATCCATAAGCATGCAT-1
605,TCAAGAACAAACCCTA-1
606,GTGAATCTCAAGTGTC-1
607,TTGGCGGGTAGGTTGC-1
608,GGACTAAAGTAACTCA-1
609,GGAAACTCAGTAAAGC-1
610,ACCCGTAAGCGATAGA-1
611,GCCTATTGTGCTAGAC-1
612,TCATTGCGTCAGGCCA-1
613,GTTAGACTCGGCTATG-1
614,TATTCGTTCAAGCCTG-1
615,CTCTAGCTCGCTAGAT-1
616,TGCATCCTCTAAGTCA-1
617,TTTCAGTTCGTTATCT-1
618,TGATGATGTTCGCGCT-1
619,ACGTTGTAGTTTGTCT-1
620,GTTAAACGTTAAGCGC-1
621,CTCACAACATGGAGGC-1
622,CAGGACCTCCCGCATT-1
623,TGGCTATAGGTGTCCA-1
624,TGCCATTGTTCAAGAT-1
625,CAATCGCCACTGACCG-1
626,GCAGGTTGTTGTCCAT-1
627,TAGGGTTTCTAGCTAA-1
628,GCAAACTTCTTTGTAC-1
629,AGTAACGAGCGATAAG-1
630,CATTGTAAGAGGGACT-1
631,CCTGAATAGATTCCTT-1
632,GCTATTGCAGCAACCT-1
633,CAAGGCCTCGCAAACT-1
634,GCGATATTCATGCATA-1
635,CAGGCTGGTAGCTAAT-1
636,GTTCGCTTCCCTCACG-1
637,AGCGTGCTCAAGGACA-1
638,GCTAGCCAGGGTTATC-1
639,GACCTAAGTTAGGCTA-1
640,TCATCCATCTACCTCA-1
641,AGTAGGATCTGGCATG-1
642,ACACTTGCATTGTTGG-1
643,AACAGGATCGGTTTCC-1
644,GCCAGGTTCTTCAATC-1
645,TCCGCCATCTATTGTC-1
646,TGAGAACCAATAACGA-1
647,CCGGTTAAGTAACGAG-1
648,TATGACTCACATACTG-1
649,GCCAGGTTCCGTTATT-1
650,TGTAAGTGTTCCTGAT-1
651,CGGTTTGAGGTGTTAC-1
652,AAAGCAAGTACGGTAC-1
653,GGGCTAACAGAAACGT-1
654,CCTGTAACATACTCCT-1
655,CCTATAGCAACCCTAA-1
656,CAGGTTAGTCATCAAG-1
657,AGCTAACTCGCAACAT-1
658,ACGCCTTTCATTGCAA-1
659,CTCACAACACAACAGG-1
660,GTGTGAGCAAGCGAGC-1
661,GAATTTGTCCACCCTG-1
662,AAAGGACGTTGGTGAC-1
663,TTTGTCTAGGCCCAGT-1
664,ACCACATAGGGTTATC-1
665,GGTTAATGTCGTAATG-1
666,CGCAATTAGCTATATG-1
667,CGGCTCACACACAATT-1
668,ATTGCAGGTCACGAAC-1
669,GGTTGCATCGACCTGA-1
670,TTAAGTGTCCTAAATG-1
671,CTTGAATCAATTGAAG-1
672,TACGTACAGTAGGATG-1
673,AGTAAGTAGTTACCGG-1
674,GTTACCTGTCAAGTGC-1
675,TGAACAGAGGTAGCTT-1
676,GACTATTCACCTGTAA-1
677,TGGCTATAGCTACTGG-1
678,GACCTTTGTTATCGAG-1
679,CGTTATCGTCGACTCC-1
680,GGAAACTCAGCAAGAT-1
681,AATGTCATCGGGATTT-1
682,CAGCTCAAGGGTTATC-1
683,GCTGTACCAACTAACT-1
684,CCTGTATGTTGCATCT-1
685,GTTACCTGTCATCATC-1
686,CGCTAACCATTATGCG-1
687,CATCATAAGTTCCCGT-1
688,CGCTGTGCAACTGGGA-1
689,GGAGCAAGTATCTGGA-1
690,TGTTGCACAACATAAG-1
691,GTAAGCTTCCGCTAGA-1
692,GGCATTAGTATTGGTG-1
693,AGAGGATGTAGTTGGC-1
694,GCGGTTATCTATCGCC-1
695,CTATGAGGTCAGGCAT-1
696,TGTGTTAAGGAAGTAT-1
697,TTATGACCATAGCTTG-1
698,CGTGTGTCACGCAACT-1
699,AATTGCTCAGGCATCT-1
700,TGAGGGCCAGGCAAGC-1
701,GGCTATGTCAGTATTG-1
702,CTTCACTCATCCCTCA-1
703,AAGGTATAGGCGCTAC-1
704,GCAGCCAGTACAAAGA-1
705,TTGCTCTCAGCAACCT-1
706,GAGAAACGTTTCGCGC-1
707,GTACCTTGTAATGACT-1
708,ATGATGGAGGCGCTAC-1
709,AAGCCTTAGTTCCCGT-1
710,TTCGGTACAGGATGGC-1
711,CATCAATCAGGCTACT-1
712,GGCTAGACAGTAAAGC-1
713,CTTGGACCAACACCTA-1
714,TCCAGCAAGTCGCTAG-1
715,TGCAGGCTCAGGAACA-1
716,GCAAACAAGACAAGTG-1
717,AGATGCTTCTTACTCG-1
718,CCAACATAGGCATTGT-1
719,TTGTGCCTCAACCAAC-1
720,CACATAATCTATTGTC-1
721,AGGAACGGTTTGCGCC-1
722,GGATTTATCCGTGACA-1
723,CGCAATTAGGCAGGTG-1
724,TGCACTTGTTTGGCGG-1
725,GGTGAGGTCAGGATGA-1
726,CAAGTTATCTACCTAT-1
727,TTAGACTCAATCCTAG-1
728,GTGTAACTCTGGCTTC-1
729,GCTCCTTAGGAAGCTA-1
730,ACTTCGCTCAGCCAAT-1
731,ACAGGAATCCCTGTTA-1
732,GACTAATGTTAGAGCC-1
733,GGCCTTAAGTGAGCGG-1
734,TGAGGCACAATACTGT-1
735,CACCAACCAAAGCGCA-1
736,CGTGTTACATTCCTCG-1
737,TCCCTCACAACGTGCT-1
738,TGTTGTAAGGCAGGTG-1
739,GCTCACAAGGATTGCT-1
740,GATGCATTCAGGCTAT-1
741,TCAAACCAGCTATTAG-1
742,TAGCGCGGTATTTGCC-1
743,ATCGCTTGTTGGGTTA-1
744,GCAAACTTCCGCAAGC-1
745,CTTTCTTGTCATGAGC-1
746,ATTCCTCCATGGTTAT-1
747,CATAGGTTCCTGTTCA-1
748,GTTTATCTCCGGTATG-1
749,CTCATGCTCGCCTAAG-1
750,CTTTGAGCACATGCTA-1
751,GCAAACAAGTTTGCGG-1
752,GAGTCAAAGCACGATT-1
753,TTGGATCAGTGTGATC-1
754,GTGCATTAGGTACCGC-1
755,CCCGTAAAGCTTCTCA-1
756,GCTCAACCATCCTGAA-1
757,AGCAATTGTTAAGTGT-1
758,CAAGACAAGCTCGCTT-1
759,TTTGGTGCAAACTAAG-1
760,CTAACCTGTTGACTTC-1
761,CTGGTTTGTTCCATTA-1
762,TGCGATTAGTCACCAG-1
763,ACGGGAAGTTAGGCGT-1
764,AGTCCTGAGGGCTAAA-1
765,CCACTTGGTGTCACGG-1
766,GGTTTCCTCACTAAGC-1
767,ACACTTAAGACCATAC-1
768,AGTCAAGAGTCATGCG-1
769,CAATCTAAGGTGTTAC-1
770,CTATTCAGTAAATTGC-1
771,CCTATAGCAACTAGAA-1
772,TGCGGTTCAATATGGA-1
773,CTTCAATTCCGCAAAT-1
774,CATAGACTCGCTAGCA-1
775,TACCAAATCTCGCCTG-1
776,TACAATGTCGTGCCTT-1
777,ATTGAAGCAGTAATAG-1
778,CAATGCCCAATTAACC-1
779,GTTGCTGAGTTAACCA-1
780,AAGAATCAGGTGAAAT-1
781,CTAATAGTCCCGCATT-1
782,TCTTCAAGTTATGTGG-1
783,GTTCGCTTCGGCTAGC-1
784,GTTACGTAGTGAACCT-1
785,AACATCATCAGGCTAT-1
786,GTTCGCTTCATTGTTC-1
787,GTGCTCAAGTGCACGC-1
788,TAGCCTCTCCTAAGAC-1
789,TTGGATCAGGATTTGC-1
790,GTATGTGGTCAAGTAT-1
791,GTACCGGGTTCAAGCA-1
792,ACGAGTAAGTGAACGA-1
793,GCTTGACCATCAATCG-1
794,GCGCAATGTGAAGCCT-1
795,TTAGCTGCATTGCGTA-1
796,TGCATGAGTATTGTGG-1
797,AGGATATAGGGTCTAT-1
798,ATTAACCCATTGTTGG-1
799,TTAATCGAGAAGGTGC-1
800,CAACAATGTACTGATG-1
801,CTTGTTTAGTAAAGGT-1
802,TCCAGCAAGCCTGATG-1
803,GAACTTATCTTAGGAC-1
804,ACCCTGTTCCCGTTTA-1
805,CCTGTAACAGACAAAC-1
806,GCCATGATCTCCTCTT-1
807,ATCTATGAGTTAGCCG-1
808,CGTCAATAGTGAGCAA-1
809,GGTGCTGGTTATAGCG-1
810,GCGCTTAAGTTCCCAC-1
811,CGACTAAGTTTAACCC-1
812,TCCTGGTTCTTGATGA-1
813,CTGGTAAGTAACAGGG-1
814,CCGATGCAGCTAATCA-1
815,GACCTAAGTTAGTACG-1
816,GCAATGAAGAAACTGG-1
817,AAGCCTGTCCAAGTGT-1
818,GCAACAGCACACTAAT-1
819,TGATTAGTCACAAGCT-1
820,GATGCAGCAAGCTAAA-1
821,GTCGCAATCCTAGTTT-1
822,ATGGCCCAGCCTGGTA-1
823,TCAAGCTAGTCATTTC-1
824,ACTCGCGCACAACAAA-1
825,TACGTAATCCGTGACA-1
826,CATCGCTTCGGTTAGT-1
827,CATGCATAGCTATTAG-1
828,GCTGACATCTCCTCTT-1
829,GAAGCCTGTATACTGG-1
830,AATCATGTCTAACCAA-1
831,CTACTAAAGGGCTTTG-1
832,GAGTCAAAGGCTGTGC-1
833,CTTAAGATCATGCTCC-1
834,GGGCAATAGTAGCGCC-1
835,CCTCAAACACCAGGTT-1
836,CAGGCTGGTCATAGAT-1
837,GGCAGGATCTTGAGGT-1
838,ACCATAATCAGAAACG-1
839,TTAATCGAGGTTTACA-1
840,GATCGAGCATTGACAT-1
841,GAAGGAACAGCCGCTA-1
842,AATCCCTGTTCATTTG-1
843,ACCACACCAGGCCATT-1
844,ATACCTGCATTGTGAT-1
845,GCCTCCATCCTAGTAA-1
846,GGACTAAAGCAACATC-1
847,ACCCGTAAGTAAGGGC-1
848,TGACTCCTCAGGCTAT-1
849,CTGGTTTGTTCCTCCT-1
850,GAGCGATAGGCGCTAC-1
851,TTGTGTGCAGCCTGCA-1
852,ACTCAGTAGGTGCGGA-1
853,AACATAGCAGCAAATA-1
854,GAAACTGAGGTATTGC-1
855,TGAGTGAAGGAGCATA-1
856,GATTGATGTAAAGCGG-1
857,CTAGGACGTCAAAGGG-1
858,ATTACGTCATTATCCC-1
859,TGGCCTGCATTCCTGT-1
860,ACGTCAAGTATACTGG-1
861,CAGCTATAGCTTAGCG-1
862,GGTATGTTCCCATAAA-1
863,CAAAGCGCATCACAGC-1
864,GGGATAATCGCTCACT-1
865,CGAGTCGGTGCTTTAC-1
866,GTGCAAGCATAGACCC-1
867,TTTACGCGTTGCACGG-1
868,GAGCATGCAGGAACAT-1
869,GCTGCACAGCGCTCAA-1
870,CCTGGATCAGTCTAGC-1
871,AATTGCTCACGGTACT-1
872,AGGGTTGCACTTACAG-1
873,GGCCATCAGCGGGCAA-1
874,GTGCGCAGTGTGTCCC-1
875,ATCCTTAGTAATCGGC-1
876,CCTGTAACACGTGCTG-1
877,TACCAGGTCACAGACT-1
878,GAACCAAAGGCTACTG-1
879,ATCATCAAGGGTCCAC-1
880,AGTGAACCACTAAGAA-1
881,AGAATCGAGACAAACG-1
882,AAGCGAATCGGCCATA-1
883,AAGTTAGCATTATGCG-1
884,CCGTGCTGTTAGGCGT-1
885,CGATTCCTCATCAGTA-1
886,ACCAGGCTCCGCAAAT-1
887,CGTATTGCATCAATCG-1
888,GATTATGTCAACAAGG-1
889,GTAAGCTTCAGTGAAG-1
890,GTACTTAAGCCTAATA-1
891,TCATTGCGTAATCCCT-1
892,GTTCGCTTCCCTCATA-1
893,CCCTTAATCAATCTCT-1
894,ATACCGGTCTGTGAGT-1
895,TTCCTTGAGGAGCATA-1
896,CGTTAGGTCTCCTCAA-1
897,TCCTCTAAGCAACATC-1
898,ATGTCCACACTTGTTC-1
899,GTTTGTTTCTAAGTCA-1
900,TACCTTAGTGCATTAG-1
901,ACTATGTCAATAACGA-1
902,CATGCGCAGCTAATTG-1
903,AATAGAGGTTCTTTAG-1
904,CCTGTATGTAACCAGC-1
905,TTTGGCTGTGCTGGTG-1
906,GATAATCGTGTCCAAA-1
907,ATTATGGTCTTAGGGT-1
908,GGTCAATTCTTTAAGG-1
909,AGGAGCTAGGCTTAGT-1
910,ATGAAGCCAAATTCGT-1
911,TCAAGGTTCGTAATCA-1
912,GCTAAGTTCTTTGAGA-1
913,GCCCTCATCGATTTGA-1
914,CGTGACATCCGGTTGA-1
915,GTCCGTAAGTCACGAT-1
916,GTGTTCCTCCTGAGTG-1
917,TCGGTAAGTTAATGAC-1
918,TGCACTTGTTGTAAAC-1
919,TACAACATCTTACTCG-1
920,TGTGGCTCAGGAACTG-1
921,CTTATTGGTCCTAACT-1
922,TTGCAACAGTTTGCGG-1
923,AGCAATACACCAACCG-1
924,GCGATTAGTTTATCTG-1
925,TACCTTAGTCGTTACT-1
926,CGAATATGTGATTACG-1
927,CTGTATTTCACGAATC-1
928,GGCAAGCCATTATGAC-1
929,TTGTTGCGTCCTAGTT-1
930,ATCGCTTGTGCTTAGA-1
931,AACTGTTCAGGAATCG-1
932,GTGAATCTCAAACACC-1
933,GGCAAGCCACGGTTTA-1
934,TCTAACTTCATAGACC-1
935,CATTGTGCAGCATGTC-1
936,TTAAAGGCAACCTGGT-1
937,TTGAGGCGTCGACTAA-1
938,CTTTAGGCAGGTCCTG-1
939,CAGATTCAGTTAACCA-1
940,GATTCCTGTATTGAGT-1
941,GCCTGTGCAATAATCC-1
942,CGTTATCGTTCCGGGA-1
943,CCCGTAAAGCTGCACA-1
944,CCTACTGGTCATCATC-1
945,CGGTTGGGTAACCTAG-1
946,ATGTTCAAGGCGGGTA-1
947,ACGGTTAGTTATGTGG-1
948,CCATAAGGTTAGAGGG-1
949,GCCTGCTGTTCACTGT-1
950,GTTTCCTCACCGTTCC-1
951,ACGAGTAAGAAGCTAG-1
952,ATCATCAAGGGCCATC-1
953,CTACCTCAGTTAGAGG-1
954,GTGCCTTTCTTGTTCG-1
955,GATTTGCAGGATTGCT-1
956,CCCAGTTTCCCGTTAC-1
957,ATGCGATTCCGTTATT-1
958,GCGATTTAGTTACCGG-1
959,TAGTGAGAGCCTGGTA-1
960,GGGCTAACAATTAAGG-1
961,GTACTTAAGGCTGGCT-1
962,TGAGCCGGTGATTTGG-1
963,CAGCATGTCGTTAACA-1
964,TGACCTTGTCACCAAA-1
965,GTCAATATCAGGGCCT-1
966,CGGTTATAGTTGGATC-1
967,GCGCGATTCTTAGTGA-1
968,GTGGCTTCAGGTTTGC-1
969,TCCTTGCAGCTATTGA-1
970,TCGCTAACATTATCCC-1
971,CGCTTACTCGCTCCAT-1
972,CCTTACTCAGCACGTT-1
973,TCCTTGCAGGTGCTGC-1
974,AGCACTAGTGATGAGG-1
975,AGTGAGTCAGCAACCT-1
976,CATCCTCAGACAAACG-1
977,GTTTGTAAGCTCGCTT-1
978,AGTCCTTGTATGTGGC-1
979,TTGGATCAGGTGTTAC-1
980,GGATACTTCGGTCATG-1
981,AGTCTTGCATTGCGGT-1
982,GGCATTAGTATTACCC-1
983,CTTTGAGCAAGGAATC-1
984,AAGGATCCATTGTGAT-1
985,CTAGGCGGTCTAACAG-1
986,AACAGATAGGAATAAC-1
987,CAGTATGGTTGGGTTA-1
988,ATTACGTCAGCATTAT-1
989,GGAGTCTGTGGTTATG-1
990,ACACTTAAGGAGCAAC-1
991,GTGAGCGAGCCATCAG-1
992,ATGACCAGTTGACTTC-1
993,CCCGCAACAATGAATG-1
994,CCGGTAGGTGCTCCGT-1
995,CTAGTTGCAGGAATCG-1
996,TCGTTATTCCACCTGT-1
997,CCTGTATGTTATCGAG-1
998,ATGACCAGTGTTGCTT-1
999,CGTTAGTAGCTCATAA-1
1000,GTTTAGCAGGAACGCG-1
1001,GATAATCGTTAGACCA-1
1002,TGATCGAGTCACAGCG-1
1003,TCGTTAAAGTTAACCA-1
1004,CAAGTAACATGGCCCA-1
1005,GTAAAGCCAAGGATTA-1
1006,GGTCCATCATCCTAGA-1
1007,TAGCCTGAGGTAACGA-1
1008,GGAACTAAGGTAAGCA-1
1009,GAAGTCAAGCTTCCCG-1
1010,AGTAGCTTCACTAAGC-1
1011,TACGGTTAGCTGGCTA-1
1012,TGATGAACAATTTGGT-1
1013,TGTATCGCATGAATCT-1
1014,TCTTGACGTGAGACTC-1
1015,CGTTAAATCCTAGTTT-1
1016,GGTTTAATCTGGCATG-1
1017,GACCTCAAGTTGGGCC-1
1018,CAAGGGAGTCATGCAA-1
1019,GTAAGCGCACTTAGGC-1
1020,AATTACCCAGTGAACG-1
1021,CCTGGTAAGTGCTGTG-1
1022,GGCTATTAGCTACTGG-1
1023,TCACGGATCCAAGTGT-1
1024,CAGTACCCAATGAATG-1
1025,CCGACAGGTTGCAGTA-1
1026,TTTCCTGAGCCACAAT-1
1027,CTGACCAAGCCAGTAT-1
1028,TGAAGGATCACCGGTA-1
1029,GAGTAACCAATTGCGC-1
1030,GCCTTGCGTTAGGCTA-1
1031,TGCGCAGGTCTTACTA-1
1032,CGAAGCGAGCGCCTTT-1
1033,GGTCTTTGTGTCACGG-1
1034,AGAAACCCACATGCTA-1
1035,AAGGATCCACATGCTA-1
1036,CATCGCTTCAATACGC-1
1037,GAGATAAGTATTGTGG-1
1038,ACTTATGAGCAACATC-1
1039,GGAAGCTAGACAAAGT-1
1040,AGAAACTAGTTGTCCC-1
1041,GCGCCTTGTAACTACG-1
1042,AGGCGGATCGCATCCT-1
1043,CGTGTTACACCTAATG-1
1044,ACTAATCCATTTAAGC-1
1045,TGCTCTCAGTGCACGC-1
1046,CCTGAGTCACAACAGG-1
1047,AGTGAACCAACAGCCT-1
1048,GAGGCTTGTTTGAGCA-1
1049,GGCCTCTGTGGGTACT-1
1050,CAAGTTATCTTAGTCT-1
1051,TGGACGGAGGCGAAAC-1
1052,CCAAGTTAGGTCCTGA-1
1053,AATCGCCCAAGCTTTG-1
1054,CTAATAGTCATTCATC-1
1055,CTAGGCGGTAGGTGTC-1
1056,GTTGTTGCACAGAAAC-1
1057,CAAGGTTTCCGGCTAA-1
1058,TACCGAAGTCTTTGAC-1
1059,ACGACAAAGGCTACTG-1
1060,CTCACACTCATGGCTG-1
1061,GCTTGACCAACTGGGA-1
1062,CTGTGTGAGGTCGAGG-1
1063,ATAATGGCACGAATCC-1
1064,CTAAATGTCGGTTACG-1
1065,CATTCATTCAACCAAC-1
1066,AAGGATGTCGTTACTT-1
1067,CCAGCTGCACCTGGTG-1
1068,CTACTAAAGCACAGAA-1
1069,AGGTCTTAGTTCCTGC-1
1070,CCTGGATCATATAACC-1
1071,TAGGAACCAGTTATGT-1
1072,GAGGACTAGTATCGCG-1
1073,GGTACTAGTGTCCAAA-1
1074,GCTTTACGTGTGAGGA-1
1075,AATCCATCATGAGTTT-1
1076,TAGACCAGTATTCGTC-1
1077,CCTACTGGTAGCCTCC-1
1078,GAGGTACAGTGTTGCG-1
1079,ACACTTAAGTAAGTGG-1
1080,GTGCTTACAACAGGAT-1
1081,TGATCCTGTGATGAAA-1
1082,CCTTATGTCTTTAGGA-1
1083,TGGCTATAGCACGTTG-1
1084,GGTTGCTCACAGACTC-1
1085,TCGGTTCTCTTGGATA-1
1086,AGTCAAGAGTCGCAAT-1
1087,ATCAAGACAACTAACT-1
1088,CTAGCTGAGCGTGCAC-1
1089,CAGCAAGCAATCGCAC-1
1090,CCTTTAGTCACGCCAA-1
1091,AATGCGCGTCCGGTTC-1
1092,GTTGTGAGTAGCCTCC-1
1093,TCATTGTTCTTGGACG-1
1094,TTGGATTCATGTTGGC-1
1095,AGACAATAGAAGCTAG-1
1096,CCATCATGTAAGCTCA-1
1097,GGCAGGATCTCCATAT-1
1098,CACGCTAAGATAGACG-1
1099,GAGCTGCTCGCCTAAG-1
1100,ACTTCGCTCATTTGCT-1
1101,CCTGTATGTCATGCCC-1
1102,TCAAACCAGGGTTATC-1
1103,AAAGCAAGTTAGCATG-1
1104,CTTGGACCAGAGAGCC-1
1105,GTCTAACAGGCTGTCA-1
1106,CCTAAGGTCCGGAACC-1
1107,GGTCCTGCATCACAGC-1
1108,CCATAAATCGTTAGTA-1
1109,TCCCGTTAGGGTTAGA-1
1110,GAGGCTACACACAATT-1
1111,GATGGACAGGTCGAGG-1
1112,TAGCTTGCATTCCTGT-1
1113,CATGCATAGCGAGTAA-1
1114,TACCTGCTCCCTGACT-1
1115,CAAATCATCATTGCAA-1
1116,GCCTTAACAGGCTAAG-1
1117,CATAGTCAGTACTGGT-1
1118,CTTTGGGAGGCGGGTA-1
1119,GAAACTGAGCGTGCGT-1
1120,CATCCCAGTATTTGCC-1
1121,CCTGGTAAGCTTCTCA-1
1122,ATTCCTCCAACCCTAA-1
1123,TTGTGCCTCTAGCTAA-1
1124,TTAATCGAGTCACCAG-1
1125,TACAATGTCTCAATAG-1
1126,CCTACTGGTTTGGTTC-1
1127,CTGGTAAGTACCTTAC-1
1128,CAGGCTGGTAACCTAG-1
1129,CGGTTGGGTAGCTGGT-1
1130,GCGTGCTAGTTGCCTC-1
1131,ATGTCCACAGGATAAC-1
1132,GTTACGCCACCTGCCT-1
1133,AAGTTTGTCGTCCTTA-1
1134,GATCCGTCAGAGGGAG-1
1135,GCTCGATCATCACTTC-1
1136,GGTAAACCAATTAGCT-1
1137,CAGAACCGTTTACCGT-1
1138,GTGTCCAAGAAACTGG-1
1139,GCCGTGAGTTTAACCC-1
1140,GTTTATCTCCGTGACA-1
1141,AAGACATAGAATCTCA-1
1142,TTGTTCCCATGAAATG-1
1143,GCGCGATTCGTTATCT-1
1144,TCACCGGCATATAACC-1
1145,AGGCCCAGTCACCTAT-1
1146,AATACCGGTGCTTAGA-1
1147,GTGCTGATCGGCCAGT-1
1148,AATTAGGCAGGTTATT-1
1149,ACGCCTTTCGATTTAG-1
1150,ACTTGCACATCCCTCA-1
1151,AGGTTTATCCTAACGG-1
1152,GGCCTAATCGATTTAG-1
1153,CAAGGTTTCGCTAGCA-1
1154,ATGGTTATCCTAGTAA-1
1155,TGTTGGCCAATTTGGT-1
1156,GCCTTTGGTTGGATCA-1
1157,CCAATATCAGGACACA-1
1158,AGTGGACAGGTGCTGC-1
1159,CACATTAAGCTTAGCG-1
1160,TAGCTAGGTTGTGACA-1
1161,TGCCATTGTTACAACG-1
1162,CCGTTTGGTCGTAAAT-1
1163,CAGGTTTAGGGTGAGT-1
1164,CTAATAGTCCACCCTG-1
1165,GGTGTGACAAGGAATC-1
1166,TGGCCAATCGTTTCGC-1
1167,AATGGCGCAATCCTAG-1
1168,CAGAACCGTTCCGGGA-1
1169,GCATATATCAGTTCCC-1
1170,CAACAGGCACAGACTC-1
1171,AGTATAGCACAATGTT-1
1172,ATCACAATCTCAATTC-1
1173,TGCTCACTCCATAAGC-1
1174,GATTGGTTCGCTATAA-1
1175,GCCACTAAGGAAGCTA-1
1176,TCCTCTAAGGTGTTAC-1
1177,CCAGCTAAGTATTGTG-1
1178,CCATTGTGTATTGTCC-1
1179,GACATAGAGCTACTGG-1
1180,GCTGATCCAGAATGAC-1
1181,TTTGGTGCAATAATGG-1
1182,TTGAGGCGTGCTAGCG-1
1183,ATTCCTAGTGATGATT-1
1184,ACTAACCAGCGCCTAA-1
1185,GTCTCACTCATTTGCT-1
1186,GTGGTTAGTTGGCCGA-1
1187,ATGACCAGTTGCAATG-1
1188,ACGGTACGTTAACGGC-1
1189,ATATGCTCAAGGCCAA-1
1190,AGCATCCCATTGTTGG-1
1191,TACGTACAGATGGACA-1
1192,GGGTTTGTCTGGTCCT-1
1193,GAACACAAGACAACAG-1
1194,CAGGACACATGGAGGC-1
1195,GCTGACATCTTAGCGG-1
1196,TAGGAACCACCTGGTG-1
1197,ACCAATATCCCATAGG-1
1198,GCCACTAAGCCGCAAC-1
1199,TACTGCACAGCTAATT-1
1200,GTCGCAATCTGTTGCC-1
1201,GAACGAATCCATAAGC-1
1202,GCTGGATGTAGCTAGC-1
1203,GTTACTAAGTTATCCT-1
1204,GTCCTCAGTCATGCAA-1
1205,TGTTCATTCAAGCGCC-1
1206,TTCACTGTCAATGACC-1
1207,CTCAATAAGTTGCGTG-1
1208,GTGCTTCTCCAGCACA-1
1209,CCATTGTGTAACAGGG-1
1210,GATTGGCGTCAACAAT-1
1211,GGGTCACTCATTAGCA-1
1212,GTTCCCAGTTTAGCGA-1
1213,TGGCCTTTCACCAATA-1
1214,CTCATGCTCTGTAAGC-1
1215,GACGCCTAGGCTACTG-1
1216,ATTTAGGTCAATTGGC-1
1217,GATTAGTGTCATGCAA-1
1218,GCCTATTGTTCCTGAT-1
1219,TCCCGTTAGTTGTCTT-1
1220,AGTAACACACCTGCCT-1
1221,GAGAAACGTGCTGTAA-1
1222,TGAACAACATCTAGCA-1
1223,AACGCCCAGTTATCCT-1
1224,CTCTTGATCCAAACAC-1
1225,GTTCATTTCAATGAGG-1
1226,ACACTAATCTTGCTAT-1
1227,CCTGGATCACGCAACT-1
1228,GTAGCTGTCTAACCTT-1
1229,TTTAGGATCCGCATGA-1
1230,GCCTGCTGTAAGGTCC-1
1231,CGTACGGGTGGATTCA-1
1232,ACTTGCACAACCTGGT-1
1233,TGATGAACAACCCTCC-1
1234,TGAGCCGGTGCTTTAC-1
1235,ATGACCAGTAATGGCC-1
1236,ATCCACCTCCACCTTA-1
1237,CGTGTTACACTAAGCC-1
1238,ACGACAAAGACTTACA-1
1239,CTAACCCTCTTGGATA-1
1240,TAAGCTGGTCACAGAC-1
1241,TACGCACCAAGGTCCT-1
1242,CGTTAGTAGAATGACG-1
1243,CTAAATGTCCTCACTA-1
1244,GCACGAACAGCTAATT-1
1245,CTTTGAGCAGGCTGTT-1
1246,CGTAATGGTCGACTAA-1
1247,GCCCGTTGTATTGTGG-1
1248,TCTTCAAGTTCACCCA-1
1249,TGAAGCAAGGGATGAC-1
1250,GATTCCTGTCACCTAT-1
1251,AGTTGCGTCTGGTCCT-1
1252,AACATTGTCGATTCTT-1
1253,CAAGGTTTCTAGCGTG-1
1254,TAGGCTAGTTACGCGG-1
1255,CGAAGCCTCGATTTGA-1
1256,ACCTCACTCAGCATTA-1
1257,GGAACCTGTGTTTGCT-1
1258,GCCTTACTCAACAAGG-1
1259,CGTGTGTCACCACAAC-1
1260,CTTAAGATCTCGACCT-1
1261,GAACGAATCAAACCGT-1
1262,AAATCCGGTGGTGAGA-1
1263,TTATAGCCAGGTATTT-1
1264,TTCGTTAGTTTAGCGA-1
1265,ACTCCTCAGATGGACA-1
1266,TGAAGCAAGCCTGATG-1
1267,CCGTTAACAATCCTGA-1
1268,GCACTAAGTTTAACGG-1
1269,CTACTAAAGAAAGGAA-1
1270,TCTAGCCTCTGTTCAT-1
1271,TCGTAATCAGGATGGC-1
1272,GACTATTCAAGCGATG-1
1273,CCCGTTGTCCTTAGGG-1
1274,TCTCACCAGGGTCCAC-1
1275,CATAAGCTCATTACAG-1
1276,GCTAGCGGTAATCGGC-1
1277,TCTTTGTAGCTAATTG-1
1278,TGAGTTTCACTAGCGT-1
1279,ATTGCTCGTTCGGTAA-1
1280,CGCCTCATCGGCTATG-1
1281,ATCCACCTCCGCTAGA-1
1282,TGCTATGCACAACAGG-1
1283,GTCTTTGTCACACAGT-1
1284,CCGCACACAGCTCATA-1
1285,TTGATGTCATTGTGTG-1
1286,AGAAAGGCACCCACAG-1
1287,CAGGTTAGTAATCGGC-1
1288,CCTGTAACAAGCCACT-1
1289,GAACCAAAGCAATAGG-1
1290,GGTTTGTAGCTTTGTT-1
1291,TGCACACCAGAGAGCC-1
1292,AGTAACCTCTTTGTAC-1
1293,AACAGATAGTGATTCA-1
1294,GGTTGCATCGCTTGCT-1
1295,CTAAGTCAGGGCTTAT-1
1296,CAATGTCAGTCAGTAC-1
1297,TACTGACAGGAATAAC-1
1298,AGGTCTTAGGTTACAC-1
1299,GGTTACCCAAATTGCT-1
1300,ACCAGGCTCCCTGGAA-1
1301,GCCAGGTTCAGGATGA-1
1302,GGCGGTTTCCCGAACA-1
1303,GTGGATGCAAGCCACT-1
1304,CTTGTCCAGGCTGTGC-1
1305,TTAGGCCCAATATACC-1
1306,AGCAGGTAGGAAACTG-1
1307,GTTACTAAGGTGAAGC-1
1308,TCGTTATTCTTAGCCC-1
1309,TTAGCTGCACCTAATG-1
1310,AGCCTCCGTTATAGCG-1
1311,GATCACTAGCGAGGTG-1
1312,GGCCTTCGTTTAACGG-1
1313,GAGGTACAGGTAAGGC-1
1314,GTACTTCGTGTTTGCT-1
1315,ATAAGCCTCCAACTGG-1
1316,CTATTGAAGCTATTGA-1
1317,TACCAGGTCCTAATTC-1
1318,CGTGTTACATAAACCT-1
1319,TTGCCCGTCGCTCACT-1
1320,CCGCCAACATCCTAGA-1
1321,GCCTACTTCCTGATGG-1
1322,GCTAAGTTCAGGCCTA-1
1323,GCAAACTTCGTTAAGC-1
1324,TCATTACTCCAATTAG-1
1325,ACCTACCTCAAGCTTA-1
1326,GCCTGAGGTTAGGACC-1
1327,AAACGCGCATAAACCT-1
1328,AGGGCCTTCACAGCCA-1
1329,CCAGACTCAAACCTTG-1
1330,GTGGATGCACCAACCG-1
1331,AGAGATTAGTAGGATG-1
1332,ATGACTCAGCTGTAAC-1
1333,GGGTGTTGTTTAGCGA-1
1334,AATCATCCAATCCCTT-1
1335,GACTTACAGAAGGTGC-1
1336,GCCACTAAGACAGGCG-1
1337,CGCATATAGACCATAC-1
1338,AGCACTTAGCTAAAGG-1
1339,CGAGGAAGTGCATTTC-1
1340,CCGCTAGCACTCAACA-1
1341,TGAAGCAAGGAACGCG-1
1342,CGAATCTAGAACCTAC-1
1343,AGTACGCGTGTTGTAG-1
1344,GTGTGCGGTTCGGGAT-1
1345,TCAGCGATCCTCCATA-1
1346,TATAACCCAGCCAGAA-1
1347,ATGAGCCGTTGGTTCT-1
1348,CCGGTTAAGCCAAATC-1
1349,TCTGTGACAGGCCTTG-1
1350,AGAAACCCACCTACTT-1
1351,CGTAACTAGTATTGCA-1
1352,CTGTTCATCAACAAGG-1
1353,AGCCGCTAGCCGGTAC-1
1354,ATTGAAGCACAGAAAC-1
1355,GTATTCAAGGTAGCTT-1
1356,TGGCCATCACTAGGTC-1
1357,CGAAGTAAGTAAGTGG-1
1358,GCGTGCTAGTCTCACC-1
1359,CTACCTCAGAATCTCA-1
1360,ACCGGCTAGGAACCGG-1
1361,AGGTATTGTATTCGTC-1
1362,TTTGCATTCATTGCAA-1
1363,AGTTGGCGTTGTTGTC-1
1364,ATGACCAGTGCTCCGT-1
1365,GACCTCAAGTAGGATG-1
1366,TTTGGTAAGTTATGTG-1
1367,CCCAACCGTGGATGTC-1
1368,GGATGTAAGGCCTAAT-1
1369,CGACTAAGTGTTGTGA-1
1370,GAGGCAAGTAATAACC-1
1371,GAGTGTTTCGATTATG-1
1372,AAGCAAGTCCTCGATC-1
1373,ACTTGTAAGCTTGCTC-1
1374,TTGTTGTTCCGCACAA-1
1375,AGTCCTGAGCAGCTAT-1
1376,CGCTATGAGCGCAATT-1
1377,AGACTATGTTTGGCTT-1
1378,CAAAGTGAGTCATTAG-1
1379,GATTACGGTTATCCTA-1
1380,TCTAACTTCATGCGTG-1
1381,CGCTTACTCTAGCGTG-1
1382,TATTAGCCATCAATCG-1
1383,TAGGTTATCCTTGTTG-1
1384,AGCTTGGTCTTGCTAT-1
1385,TAAGTGCTCACGAATC-1
1386,TTGAGCTAGCTTAGCG-1
1387,ACAGGAATCATGGTTA-1
1388,CACTTTGTCCCGTTAC-1
1389,AATTGCCAGGGTGAGT-1
1390,ATAGGTACAGGATGGC-1
1391,CATCATGCATTCAGCA-1
1392,CCCAGCACAAGCTACC-1
1393,AATTGTGTCCGGTTAG-1
1394,CGGAGCAAGTCTCACC-1
1395,ACGCACGGTATTGAGT-1
1396,AGCCGCTAGTGCACGC-1
1397,TACCGCAAGGCGAATA-1
1398,ACACTAATCTTGAGCG-1
1399,AACGACAAGTTGTCTT-1
1400,AACTAGCTCCCTCTAA-1
1401,CAAGCTAGTTAGGCTA-1
1402,CCCAACCGTCACAGAC-1
1403,ACCCTGTTCTAGCTAA-1
1404,AGGTTTATCCAATTAG-1
1405,CATGAGGCACATAACT-1
1406,TGGACTAGTTCGCTCA-1
1407,CGTTTGTGTGCCGCAA-1
1408,ATGCTTAAGACTATTG-1
1409,GCCAACATCGTTCACC-1
1410,CCTTCAATCCTCGATC-1
1411,ACTCCTCAGTTCCCAC-1
1412,CGATTGAGTAGCTAAT-1
1413,GGTTTCTGTACAAAGA-1
1414,CCCTGGACAGCATGTC-1
1415,ATGATGGAGGAAGTAT-1
1416,CCTCAATGTTGTAAAC-1
1417,GCTCATTGTGGATTGC-1
1418,CCGCCAACACAAGCCT-1
1419,GAGCTTAGTTAGGATT-1
1420,GATTGGCGTGAGAAAC-1
1421,ATAATGGCAACCGCCA-1
1422,CATTATCTCCCATAGG-1
1423,TTGACTAAGTTCCTCA-1
1424,ATCAAGACAAATGCCC-1
1425,GCAGCAACATTGTTGG-1
1426,TACCTTTAGCCTGATG-1
1427,AAGAATCAGCCAAATC-1
1428,ACCAGCTCAATTATGC-1
1429,ATGGCTAGTACGGTAC-1
1430,GTAGTTTCACTTACAG-1
1431,ACTTAGTCAGGCTTGT-1
1432,CATTTGTTCCTTAAGA-1
1433,GTCATCACATGTGGGA-1
1434,AGCGCCTAGTCAGTAC-1
1435,TCAGCAAGTGAAGCCT-1
1436,GAGGTGAGTAGACAAA-1
1437,AGGATATAGTCTCACC-1
1438,AACCTTGCACCTAATG-1
1439,ACGCTTGAGGTGAAGC-1
1440,CCATATTTCCTAGTCC-1
1441,GGGTTATTCCTAGTAA-1
1442,GTTCATTTCACACAGT-1
1443,CGAAGCGAGCTTAGCG-1
1444,CCTAAAGGTGGACATC-1
1445,CTTGGACCACATTGCA-1
1446,AATTGACGTTGACTTC-1
1447,TTGTCCCAGCATGAAG-1
1448,GTTCATTTCATAAGCC-1
1449,TCCTTTACATCGCTTT-1
1450,ATGTAACGTGGTGAGA-1
1451,TCTACCTCAAATGCCC-1
1452,ACACTAGGTGCGCGTA-1
1453,GGTCCGTAGTCTTGAA-1
1454,GCTTTACGTGGTTCTT-1
1455,CATTATCTCGCATCCT-1
1456,TGTGGCCAGCGTGCGT-1
1457,GGGCATGAGTGAACCT-1
1458,GCCAACATCTTGCATT-1
1459,CTAATGTCAGTCTAGC-1
1460,AGAGAGGAGGCTGGCT-1
1461,CGAACAAAGACAAACG-1
1462,GGATTGCGTGTTGCTT-1
1463,GTGCTCAAGCTGTAAC-1
1464,GTATGTTCAATATACC-1
1465,ATAGATGCACATAGCC-1
1466,CACTGACCATGCTTAG-1
1467,ACTCGCTTCTAATTGG-1
1468,GGCCTCTGTCCGTGAG-1
1469,GTGCTGGGTACCCACC-1
1470,GGACCGAAGCTTTGGG-1
1471,GTCATTAAGGTAAGCA-1
1472,CACTTTGTCCGCCTAT-1
1473,AGCCTAAGTAAATTGC-1
1474,GCCTTACTCTTAGTGA-1
1475,TCCTGTTCATAATTGC-1
1476,CCTTCAGGTAAGCTCA-1
1477,CGATTCCTCCGCCAAA-1
1478,GTCCTAGAGTGAGCGG-1
1479,CTTGCATGTTGACTTC-1
1480,CATGCGGGTTTAACGG-1
1481,TAGGCTAGTGGACATC-1
1482,AAACCGGCAACTGGGA-1
1483,CGCAAATTCCAAACAC-1
1484,ATTAGTCCAAGGAATC-1
1485,TACCTTTAGGGCTTTG-1
1486,GCAAACCGTATTGTCC-1
1487,CTATGGCCACTAGGTC-1
1488,TGAGGGAGTCCCGGAA-1
1489,CAGGCTGGTGGACATC-1
1490,CGCAATAGTAGCAGCT-1
1491,GTTACAGGTAGCAGCT-1
1492,GTTCGCGCAAGGTGCA-1
1493,CCGCCAACACCATATG-1
1494,TTGCAACAGGAGTCTT-1
1495,CAGGTCCAGGAAGCTA-1
1496,CCACATTGTGAGGTGA-1
1497,TGAGGGAGTGGTGAGA-1
1498,GTTAGACTCGGTCAGC-1
1499,GGTGAGCCATCGTTCT-1
1500,TCAGTGAGTTCCGCAC-1
1501,TTGTCCATCGAAGTAG-1
1502,TTATTGCTCATCCTGC-1
1503,TGCATCCTCAGGGCCT-1
1504,AATAACCGTTGCGGAT-1
1505,ATTGCTCGTTCCTCCT-1
1506,AAGGTGCAGTTGGATC-1
1507,CATTATGAGGGCCATC-1
1508,CAAGTGAAGCTAATCA-1
1509,CTGGTTACAGCAAATA-1
1510,GCAATGAAGCACTAGT-1
1511,GCATTGCCACTAAGTT-1
1512,AATCATGTCGGGCCAT-1
1513,GATTTGCAGGATTTGC-1
1514,GCTAAGCGTGAAGCCT-1
1515,ACCTGTTGTCCTTAGT-1
1516,CACAGGCTCCGGGACT-1
1517,TTCAGGTAGTTATTCC-1
1518,TTGGCGGGTCTCACTG-1
1519,GCCACACAGTTGTCCC-1
1520,ATTACCGCAACATAAG-1
1521,TACGTTAAGTCCTGAG-1
1522,GTGAGGAGTGCATTTC-1
1523,GAGGAGGCAGATTCAT-1
1524,TTGTTTGGTGTTAGCA-1
1525,GGCGATACACAAACTT-1
1526,CTGCTATGTAGACAAA-1
1527,TGTATCGCAAATACCT-1
1528,GTATGTTCAGAAATGC-1
1529,TGCTATGCAAACAACA-1
1530,TGCATGAGTTGCTTCG-1
1531,AAGCATGAGGATCACT-1
1532,ATCAAGCTCCGCATGA-1
1533,GTGAGCGAGCCGCAGT-1
1534,GTACTAGGTTAAGGTT-1
1535,TGGTCAAGTATTACCC-1
1536,TGAACAGAGGCTTAAC-1
1537,CAGCCAATCGTTAAGC-1
1538,GAGCCTTCAGGCATGA-1
1539,TCTTAGCGTCACACCC-1
1540,CGCAATAGTTAATGCG-1
1541,ATGGTTATCCTTCGTA-1
1542,GTGCCTTTCGGTTACG-1
1543,CAACTAATCCTAACGG-1
1544,CTCACTCAGCTAAGTC-1
1545,TTGTTCCCAGCAAATA-1
1546,CTTCATCCATTAAACC-1
1547,GAGCCACTCCTAGTAA-1
1548,AGCCTGGGTGCTGGTG-1
1549,CCTTAGTGTCAATAGT-1
1550,GCAAACTTCGCTAGCA-1
1551,TCAGCCTTCGGTTCCT-1
1552,CTGTTGGAGTCCTGAG-1
1553,TGAGCAAAGTAATCCA-1
1554,ACATAGCTCGCTAGAT-1
1555,GAGCGATAGGCCTGGT-1
1556,CAGATTCAGCTAAAGG-1
1557,CCACACAAGGCGAATA-1
1558,CGAGTCGGTCACTCGC-1
1559,CGGTGAACACATTGCA-1
1560,TTTAAGCCAAACCTTG-1
1561,CCTCCTGAGTTAGTGC-1
1562,CTAACCTGTTGGTGAC-1
1563,CCTAAGCCACCTCACC-1
1564,TGGTCCTTCAGGCCTA-1
1565,CCAAATCAGTGAACGA-1
1566,TACCGTTGTAAAGCAA-1
1567,GGCTTAAGTTTGCTGT-1
1568,GGCCTTCGTAGCTAAT-1
1569,GTAAAGCCATAGGCGA-1
1570,CCGTGCTGTGCGCATG-1
1571,TGTTACTTCAGCACCA-1
1572,GCAGCTATCGATTTAG-1
1573,TGGTCATAGTTTGGGT-1
1574,AGTAGCTTCGATTATG-1
1575,ATCAGGTTCGTTATCT-1
1576,AATCCTAAGCTTCTCA-1
1577,TGTGTGAGTCACGGAT-1
1578,CGTGGTTCACAGAACG-1
1579,GGGAATATCGCGCTAA-1
1580,TCAGCAAGTGTTTGCT-1
1581,CGGTTTGAGCCTGTTC-1
1582,GCTGCATCACTTGTTC-1
1583,CGTAGTTAGCGATACT-1
1584,GGTTTAATCCTCCTAA-1
1585,GTAAGCTTCTAGCTTT-1
1586,TCGTAATCATAGACTT-1
1587,TGCCGGTAGAGAGGAG-1
1588,GATTACGGTACGGTAC-1
1589,TTCGGTACAGCTAACC-1
1590,AATACCGGTCAGGCAT-1
1591,AGGCAATCATTGACAT-1
1592,TTTGGTAAGTTCCTGC-1
1593,CATGCATAGGGCTTTG-1
1594,GGGAATATCCGGCTAA-1
1595,TAGTAGGAGTGAGCAA-1
1596,CAAGAACCATCATGGC-1
1597,ACAGGAATCCGTTAAA-1
1598,GGTCAATTCGCAACAT-1
1599,TCAAGAACAAGGGTTG-1
1600,GATGAGGGTCTTGCAT-1
1601,CACAAGCGTTAACAGT-1
1602,CCTTCGTAGCCTAACG-1
1603,CAAAGCGCACAAGCCT-1
1604,TTACCGTGTTTCGCCA-1
1605,TAGGAGGGTCCTAACT-1
1606,TAGGTTATCCAGCACA-1
1607,GTAAGCTTCTTGATGA-1
1608,AGCCTCCGTAATCACG-1
1609,CAAGGTAAGTGAACCT-1
1610,TGCATTAAGTCCTTTG-1
1611,AGTATAGCATTGTTGG-1
1612,TGCACCTTCCGGTTAG-1
1613,AGCCAGTGTCATGCCC-1
1614,TGGTTGAGTTAACAGT-1
1615,CTTTCTTGTTGTTCAC-1
1616,AAGTTACGTATTCGCT-1
1617,GGCAGGATCCGCAAAT-1
1618,TGAAACTGTGATTTGG-1
1619,TACGTAATCGTAATCA-1
1620,AGCCGGTTCATTGCGG-1
1621,AACCCGCAGGATGATG-1
1622,CAATCCTGTTGCGCGA-1
1623,ATTGCAGGTAACAGGG-1
1624,AGCTACGTCCACCTTA-1
1625,TCAGGTCCACTCGCTC-1
1626,CTCACACTCGGGACCT-1
1627,AATCAGGAGGAAACTG-1
1628,GAACCTGTCTCTAGCC-1
1629,ATTAGTCCACCTCGCT-1
1630,GCCTTGCGTTATAGCG-1
1631,CCCGCAACAAGTGAAC-1
1632,TCCGGTTTCCTTAATC-1
1633,CGGGCTTAGCCTCTGT-1
1634,TTAAGTGTCCCGCAAA-1
1635,TGTCATAAGGAATAAC-1
1636,CTCGCTCCATGCTATG-1
1637,AGCTACGTCGGCTATG-1
1638,GCTCCTTAGGGTGAAC-1
1639,AACGCCCAGCTTACTT-1
1640,GTGCTGATCTGGCTTC-1
1641,GCCTGCTGTAGCAGCT-1
1642,CCCTGGACATGTTGGC-1
1643,GGTCATTAGAGAGGAG-1
1644,ACGTTACAGAGCAAGC-1
1645,CGTTATCGTGATGAAA-1
1646,GCTCTGTTCCTCGATC-1
1647,GGTGATTTCTAATCCT-1
1648,CGTCATTGTGTTCCCA-1
1649,GCGAAGTAGCCTGTGA-1
1650,ATAGCATGTTTGGTTC-1
1651,GATTCATCAAATATCC-1
1652,AGATGCTTCATGCTCC-1
1653,GAAGGCTAGCAGGTTT-1
1654,AATGCAACAATAGCAA-1
1655,ATATGGTGTTCCAGGG-1
1656,AATACCGGTTACAAAC-1
1657,CCTTAGTGTTTATCTG-1
1658,GACCTGCAGTCACTAA-1
1659,GTACTTAAGGAAGCAC-1
1660,CGCAAATTCATTAGTG-1
1661,AACTTAGTCGGTCATG-1
1662,CCAACATAGACAAGTG-1
1663,GACTATTCATTAAGCT-1
1664,TGTGAAACAGTAAGTA-1
1665,GGGTTTCCAACCTGGT-1
1666,ACATCATCACAACAAA-1
1667,CTGGTTTGTACTGATG-1
1668,AGGTTGCGTCAGGCCA-1
1669,CTTGCGCGTAAGTCGC-1
1670,ACTAACGGTTGTCATC-1
1671,CCAGGAACAACAGGAT-1
1672,CATAGCTAGGCTTAGT-1
1673,AGCCTAAGTCTCAGCC-1
1674,ATCCTTAGTGTGAGAG-1
1675,GGATGGCCATTAAGCT-1
1676,AGTGGACAGCCTCTCG-1
1677,GATAATCGTATTGCAG-1
1678,TCAGGTTAGGAATAAC-1
1679,CAGGTCCAGTGACCTG-1
1680,TAACCTAAGACAACAG-1
1681,GTTCTTGTCGTTCACC-1
1682,CGGGTATGTCCTAGTT-1
1683,CAAGTAACATTGTGCA-1
1684,CAAGCTAGTAGGTTGC-1
1685,GACCTTTGTCATCATC-1
1686,GCGTGCTAGAGGAAGG-1
1687,TCTTAGCGTTTACGTC-1
1688,AACCGGCTCGCAAACT-1
1689,ACGTACCCAATCGCAC-1
1690,AATTGGGAGAGCCGGA-1
1691,TGTTAGCAGGAGCAAC-1
1692,TGCGGTTCAGAAATGC-1
1693,TGTTTGTTCGTTAACA-1
1694,GGAAGCTAGGAGGTTA-1
1695,CCTAAGGTCGAAGTGA-1
1696,CTACGAAGTTATCGAG-1
1697,TTGGGCCAGCTCCTTA-1
1698,TGAGGTGCACCTCGCT-1
1699,ATGACTCAGCAACAAG-1
1700,TAGTAACGTGTGAGAG-1
1701,CGAACCGGTGGGTGAA-1
1702,TCTCAATTCGTTCACC-1
1703,TCGTTACGTTAGGACC-1
1704,AAAGCCGCATGGCCCA-1
1705,GAGCAAATCACCATTT-1
1706,GTGTAACTCCAGGAAA-1
1707,CGTGACATCACACAGT-1
1708,CTAGTCGAGAAGGTGC-1
1709,TCACGGATCTGTGAGT-1
1710,AATACCGGTATTGGAT-1
1711,ATTAGGTGTGCATTAG-1
1712,TTGGAGGCATCATGTG-1
1713,GGAATCTTCGGTCAGC-1
1714,TCGTTATTCACGAATC-1
1715,CATTGCGAGTCCTTCA-1
1716,TCCATATTCACGCGGT-1
1717,TATCACAAGGCATTGT-1
1718,TTTGCGGAGTGAGCAA-1
1719,TGCCTGTTCAATCATG-1
1720,TCTAACTTCTTGTCTG-1
1721,CCGCTAAAGGAGTCGG-1
1722,CTGGTCAAGTAATCCA-1
1723,GGTTAGCGTCACAGCG-1
1724,TTAGGCCCAAACATAG-1
1725,TAGCCTCTCCATAAGC-1
1726,AGCTCATAGCTCCTAC-1
1727,TGGTGATTCAAGTGTC-1
1728,AATATCCCATGTCGCG-1
1729,ACTAATCCAATAGTCT-1
1730,CATAACGGTGTTTGAG-1
1731,GAGTCAAAGAATCGCT-1
1732,CCGCTTAGTTACATCC-1
1733,TATCGCGAGGGTTAGA-1
1734,CAGGTTAGTACTTCAC-1
1735,GAAGGCTAGTTAGAGG-1
1736,CAGGGCTTCATGGCTG-1
1737,ACCGGTTCATAAGGAC-1
1738,CGTTATCGTCACAGAC-1
1739,GGACCGAAGCTAGAAG-1
1740,ACTTATCTCCTTCAAT-1
1741,GAGAACCAGCTTAACA-1
1742,ATCAAGACACCGTTCC-1
1743,CCTCAGTTCGGTTACG-1
1744,GTGAGGAGTACGGTAC-1
1745,AGTCCTGAGCAGCTCA-1
1746,TGTTTGTTCCCATAAA-1
1747,GCTGGATGTCGAAGTC-1
1748,TCAGCCTTCCTGTTCA-1
1749,TCAGGTTAGACCATAC-1
1750,TTATCCGTCCGGAACC-1
1751,GTCGAGGAGGATTGAG-1
1752,TTGCGTCTCATCCTCA-1
1753,GTTGGAGCACTCGCTC-1
1754,CGGTGAACAATCCTGA-1
1755,CGCCAAATCTGGCTTC-1
1756,GCCCGTTGTAAGCTTG-1
1757,TGGCTTTGTTAGCCAA-1
1758,CTTTGTCCACGTAAGG-1
1759,GTAGCGCTCGATCAGT-1
1760,ATGTTCAAGAGAGCCG-1
1761,CTATTCAGTGTTGCTT-1
1762,TGACTTCGTACAAAGA-1
1763,TATCGAGGTGACATGC-1
1764,ACTTGTCGTCGAAGTC-1
1765,CAAACATGTAGGTTTG-1
1766,AGCGCCTAGAAAGCAT-1
1767,CTATTGAAGCGTGCGT-1
1768,TCATACTTCCCAGTAG-1
1769,CGTAATGGTAATCGGC-1
1770,TACCTTAGTTTAGTCC-1
1771,TAGCTTGCAACTGGGA-1
1772,ATTACTGAGTTTGGGT-1
1773,TAATGGTGTTACTTGC-1
1774,GAAGTATAGCGTGCGT-1
1775,CCTGCTCCATGCTTAG-1
1776,CTATAACCATCCGTAA-1
1777,ACTTATGAGGCGAAAC-1
1778,ACTAACTCAATGCCTA-1
1779,TTAGCCTGTTTGCTGT-1
1780,ATACCTGCAACTAGAA-1
1781,CATAAGCTCCTCCATA-1
1782,GGTCAATTCAATCTCT-1
1783,ACGTACCCAGCTAATT-1
1784,CACCTCAGTATCTGGA-1
1785,ACCTTCATCAGTATTG-1
1786,CCCAAATAGACTTATG-1
1787,CAGGTGGAGCGAGCGA-1
1788,CGATATTCACCGGCTA-1
1789,GATAAGCCAGGCTAAG-1
1790,GTCCTCAGTCCCGGAA-1
1791,TAACAAGCAGCATGAG-1
1792,AGTAATCGTTTGAGGC-1
1793,AATCTTGAGGGTCCAC-1
1794,GCAATCTAGTCACTAA-1
1795,CGGACAACACAGCCTG-1
1796,AGGCAGGTCCTGCGAA-1
1797,TGATCACAGGTCAAAG-1
1798,GGACCTCAGCCAAATC-1
1799,CTTATGTTCGATTATG-1
1800,TCGGTTACATTGTTGG-1
1801,AGGACTAAGGGTGAAC-1
1802,GAGCGGTCAATAACGA-1
1803,CAAGGTTTCGTTAACA-1
1804,CGTCAATAGCATCCAG-1
1805,CAATGAACACGTTACA-1
1806,GACCTGCAGCTAAGTC-1
1807,GTTTAACCAACTAGAA-1
1808,TACCTCATCTTGTCCA-1
1809,AGTGATGAGGGTCCAC-1
1810,CGGGTCTAGCATTTCT-1
1811,AATTGCCAGGATGATG-1
1812,CAGGTCCAGGCGCTTA-1
1813,AAGAATCAGGTACCGC-1
1814,CTTATTGGTCACAGAC-1
1815,CTTTGGTGTTTAACGG-1
1816,ACTTGAATCCCTTGCG-1
1817,TCTAATCTCATGTTTC-1
1818,GTCGAGGAGTCATGCG-1
1819,AAGTGCAAGCACTTGG-1
1820,GCAAACAAGTTGGATC-1
1821,TATCGCGAGGGCTTAT-1
1822,GGGTGTTGTTAGCCAA-1
1823,AGTGGACAGCCTGACA-1
1824,CAAGCTAGTTTACGTC-1
1825,GGTTGAGCAACAGGTG-1
1826,CGGTGAGAGCATTTCT-1
1827,AAACCAACAAGTTATC-1
1828,GGAACCACAACACCTA-1
1829,CGCATGATCGAGCTAT-1
1830,GATTGCAGTCCACAAA-1
1831,ATTCCTAGTGCGCATG-1
1832,ACGACTTAGGTGAAGC-1
1833,AGGTCATTCAGGAACA-1
1834,GGTGAGTAGTCTGGGC-1
1835,GATAAAGGTCAACAAT-1
1836,CTAATCCGTTGCAATG-1
1837,AAGTTTGTCTCACATT-1
1838,TTCGGTACATAGCGAG-1
1839,TTTAGCTTCCCGTTTA-1
1840,GAAACTGAGGGCTTTG-1
1841,AATACCGGTTCCGGGA-1
1842,CCTGGTAAGCGAGTAA-1
1843,TGGGCATGTTGGCCGA-1
1844,TTTAGCTTCCGTGACA-1
1845,ATTAACCCATGTTGTG-1
1846,TGGATTCAGCGATACT-1
1847,GGGTGTTGTTGTGATG-1
1848,TAGAGCCGTAATTAGC-1
1849,CCGCTAAAGTTAGACC-1
1850,GATTCATCACTAAATC-1
1851,GGCTATTAGGCAGGTG-1
1852,CATAGCTAGCAGGCCT-1
1853,CATTTGTTCAGGTCCA-1
1854,GCTATCCTCCATAATG-1
1855,TCCATATTCCTTAATC-1
1856,GCAGGCAAGGCCAATT-1
1857,TTGTCCGGTGCTTAGA-1
1858,GCATATATCATTTAGG-1
1859,GCGTAACGTAACCTAG-1
1860,GACAATACACTCAACA-1
1861,AAGCAAGTCATTCATC-1
1862,AGTAGCTTCAAGTGAG-1
1863,CGGGACAAGGTAGCTT-1
1864,TACAACATCAGCACCA-1
1865,CATAGCTAGGCATTGT-1
1866,GTCATGAGTCAGGCCA-1
1867,TTCAGTTTCTAAGTGC-1
1868,ATGTTGTCATTATGGT-1
1869,CACAAGCGTGCATTAG-1
1870,AGGCAATCAGGCTTGT-1
1871,GCACCTAAGTAACAGG-1
1872,ACGAACAAGGGCCACT-1
1873,ATCGAGGCAAGGTCCT-1
1874,GCTGGATGTCAAGTAT-1
1875,GTTCTTAGTCACAAAT-1
1876,CTGGTTTGTTAATGCG-1
1877,CACTTAAAGTGGACAA-1
1878,TCAAGCTAGTTGTCAA-1
1879,AGCACAGCATTAGCCA-1
1880,GCCCAAATCATAACGC-1
1881,CTATTCAGTGGAAACG-1
1882,CTGTAACAGGTCGATT-1
1883,GGATTCAGTCTTTGAC-1
1884,CAAAGTGAGAAGCTAG-1
1885,AGGTCCGGTCACAGCG-1
1886,TACTAAGTCATAACGC-1
1887,TATAACCCATTGTTGG-1
1888,GCCCAAATCTAAATCG-1
1889,AGGGTTGCAGGGAGCT-1
1890,GTCCAAGTCATGTGGT-1
1891,CATTTGTTCAAGTGTC-1
1892,ACCAGGCTCGATCAGT-1
1893,AAGCGCTGTCTAACAG-1
1894,TGCTAACAGGCTGGCT-1
1895,CGAGCTGGTGCTCCAC-1
1896,CGGCTAATCTGTTCAT-1
1897,AGGTAACCATAATGTC-1
1898,TCTAACTTCCTCATCA-1
1899,TTTGACCGTGTCCTGC-1
1900,CTCGCTAGTTTATTCG-1
1901,CCTAAGGTCATGCGTG-1
1902,GCCTGAGGTGAACAAA-1
1903,ACGTCCAAGGAAGCTA-1
1904,TGAGCACGTTCGGTAA-1
1905,CAATGAACAATTGACT-1
1906,TCCGCCATCTCACATT-1
1907,AATCCCTGTCGCAAAC-1
1908,CGAGGCAAGCTAATTG-1
1909,ATAACGACATGTCAAT-1
1910,AATTGCCAGTGCTGTG-1
1911,GCCTTTATCACCTGCT-1
1912,CATTATCTCGATTCTT-1
1913,CATTGTGCAGCACGTT-1
1914,AGATGAAGTCCTAACT-1
1915,CGCTAACCAAGGTACG-1
1916,TCGCCCATCCCGTTGT-1
1917,GTAGTTTCAGTTATGT-1
1918,CATTCCTCAAACGCGA-1
1919,GTTGGCGGTAACCACA-1
1920,TAGCTAGGTGAAACAA-1
1921,CGTAGTTAGGAGGGTT-1
1922,TGGTCAGTCTATCGCC-1
1923,AGGTCCGGTTCCGGCT-1
1924,TGGTTGAGTACTTAGG-1
1925,ACACCTTGTCCGTGAG-1
1926,CACCAACCATTAAAGG-1
1927,AACTAGTGTCAAGACC-1
1928,GCCTTTATCCTCAGTC-1
1929,TGCGCGAGTCGCAATA-1
1930,CCGTTATGTTACAAAC-1
1931,GCACGAACAATCCTGA-1
1932,GCTATCCTCCGGTTGA-1
1933,ACGCCTTTCCTCGATC-1
1934,GCTTGACCAGGTTCAC-1
1935,GTACTTCGTGATGAGG-1
1936,TCGTTAAAGCTGGAAA-1
1937,TTACAGCAGCCTGTTC-1
1938,CATTCCTCACAACAGG-1
1939,GATTCAATCTCATCAT-1
1940,GAGGTGAGTGTTAGCA-1
1941,CCGGTTAAGGCTAGAA-1
1942,TGTTGGCCAGGAACCA-1
1943,AAGTGTTGTTTGGCGG-1
1944,ACGCCTTTCCTAAGTA-1
1945,GGAGCAAGTGTTCCCA-1
1946,CTTCTCAAGACTTACA-1
1947,GCTCATTGTAAGTCGC-1
1948,TGAAGGATCCGGTATG-1
1949,CAGGTTTAGTTAGTGC-1
1950,GAGTATCTCAACCAAC-1
1951,ACTATGTCAACGTGCT-1
1952,GTTACTCGTATACTGG-1
1953,ACCAAGCGTGTCCTGC-1
1954,GGACGAAGTCATGCCC-1
1955,TCAAGTATCAAACTCA-1
1956,CTAACCTGTGGATTCA-1
1957,GTTAAGTGTCTTTGAC-1
1958,TCGCGCACAGCAGGTA-1
1959,TCTTGACGTGGTGAGA-1
1960,GGAGCAAGTACCAGGT-1
1961,CAATGTGGTGGACCTG-1
1962,TATCACGCACAACCTA-1
1963,ATTAGCTCAATTAACC-1
1964,GATTTGCAGTAGCGGG-1
1965,TACCAAATCCTAAGTA-1
1966,TTGTGTGCAAGTGTTT-1
1967,CCTGAATAGCTATTGA-1
1968,CATTCATTCCCTGTTA-1
1969,ATTCGTTTCGCAATCG-1
1970,GTCCTCCCAGCCTGCA-1
1971,CTAGCGGGTGGACATC-1
1972,GCCTTTATCGCATCCT-1
1973,GAGCGATAGTAGGATG-1
1974,GATAACGAGTACTGGT-1
1975,CATCATGCATAAGTTC-1
1976,CTGGTTTGTCGACTCC-1
1977,GCAATAGAGTAACGAG-1
1978,TGAGGCACAGCACCAT-1
1979,GTGTCCAAGGCTTAAC-1
1980,AAGGATCCATAATGAG-1
1981,AAGTAGCCATAAAGCA-1
1982,CCGCTTAGTGGGTGAA-1
1983,GCACGAACAGGTTAAA-1
1984,CTCCCTGAGCTTAACA-1
1985,TTGGATATCACAGCCA-1
1986,ATGCATTCAGCAACAG-1
1987,TGGTTCCTCATGCATA-1
1988,ACTTGTCGTAAGGTTT-1
1989,TCTTGTCCATAATCAC-1
1990,CAAACCGTCTCGCCTG-1
1991,CAAATCATCACTTTAC-1
1992,TGAGAACCACTAAGCC-1
1993,AGTGGACAGAGCCGCT-1
1994,AAGTTAGCACTTCACT-1
1995,CCATCACTCAATGAGG-1
1996,GTTCATTTCGGTTTCC-1
1997,CCCTGGACACGGTTTA-1
1998,CTACTTAGTGTGCACG-1
1999,TGTTCATTCGGTCATG-1
2000,AAGCGTTTCCATCAGG-1
2001,TCCAGGTCACTGGCTG-1
2002,TGGTCATAGCCACATG-1
2003,CTGATCACATCACAGC-1
2004,TAAACAGCAATTGAGA-1
2005,CAAATCATCCCGTTAC-1
2006,CCACACAAGTAACGGA-1
2007,CAAGTAACATTAAACC-1
2008,CAAGGCTGTTTGAGGC-1
2009,AATTCGTCATAGCTGC-1
2010,GATTAGTGTGTTGTAG-1
2011,ATGTAACGTAGTTAAC-1
2012,AAGCCTCCACGAATTT-1
2013,AAAGCAAGTGATGAGG-1
2014,TCGGTAAGTTAGCGTA-1
2015,GATTAAGCATCCCTCA-1
2016,ACTTAGGGTTCCTGAT-1
2017,ATTACCCGTGTTTCAC-1
2018,ATTTGCAAGTAAGTGG-1
2019,CCATAAATCTTGACCC-1
2020,GAGGGAGCATCATGTG-1
2021,CCTAAGGTCGTTCACC-1
2022,GCCTTACTCTAATCAG-1
2023,TACCGTTGTTTACTTG-1
2024,TAGTTGTCACAAACTT-1
2025,AGGCAGGTCATTACAG-1
2026,CAAAGCGCATATTGAC-1
2027,TCGGTAAGTGACCTGG-1
2028,AGCGTGCTCACAGGAA-1
2029,AGTTTGATCCGCCTCA-1
2030,ATCACAATCAATCATG-1
2031,TTACGTTTCGATTTAG-1
2032,CGGACAACAGTTATGT-1
2033,GACATAGAGGGTTATC-1
2034,CATAGTCAGTTTGCGG-1
2035,TGTGCGCAGATTGAGG-1
2036,TACTTCGTCGGTTTCC-1
2037,CCTAAATCAGCCTTGG-1
2038,GACGTAAAGGTGAAGC-1
2039,AGCATCCCATTTGCTC-1
2040,GTAGCCATCATTAGGC-1
2041,TCCTTGCAGTGAGCGG-1
2042,TGGCCTTTCTAAGGTC-1
2043,ATTTGCAAGCCTAATA-1
2044,ATTATGGTCTAAGTCA-1
2045,AACCTCCTCCCGTTGT-1
2046,GGGCAATAGCCTAATA-1
2047,TATGCATCAGGCTTGT-1
2048,CATGGATTCCCTCGCA-1
2049,ACGTTGTAGCATGTTA-1
2050,CAATCCCTCCCATAGG-1
2051,TCGCTAACATCAATCG-1
2052,TTACCGTGTGTCACGG-1
2053,CCGCCAACAAACATAG-1
2054,AATCCGTAGCACTAAC-1
2055,GATTATGTCGCAATCG-1
2056,TTTATGGAGGAGGGTT-1
2057,GCCTATTGTTTGCGCC-1
2058,TCCTCTAAGCGGGCAA-1
2059,TGATTAGTCGTTAGCG-1
2060,GCGCTTGCATTGCGTA-1
2061,AGTGAGTCAATAGTCT-1
2062,TGAAGTGAGTCTTGAA-1
2063,TATCGCGAGTGGCGGA-1
2064,GCGATATTCACGAATC-1
2065,GTGCCTTTCCAAGTTA-1
2066,TCGGTTTGTTTGCGAA-1
2067,TTATCCGTCCCAGTAG-1
2068,GAAACCCGTTAACACG-1
2069,GGTCCGTAGTTAGAGG-1
2070,TTGTCAAAGTGTGATC-1
2071,TCTACCTCAGGAACCA-1
2072,CCAACCAAGTGAGCGG-1
2073,GATGGACAGCATGTTA-1
2074,TGATCCTGTTTAAAGC-1
2075,GGTTGCGGTTGGTTCT-1
2076,GGTGTGACACAGAACG-1
2077,ACGGTTAGTTTGCGCC-1
2078,ATTACCCGTAAGCTTG-1
2079,CGTGACATCACAGCCA-1
2080,ACTTGAATCTGTGAGT-1
2081,CAATGACTCCCTCACG-1
2082,GCTTTGTGTCGTTACT-1
2083,TCACGGATCTGCAACG-1
2084,TGAGGAGGTGGTTCTT-1
2085,TTGTCAAAGAGGATAT-1
2086,CTGGCTTTCATGGCCA-1
2087,TCAGCCTTCAAGTGAG-1
2088,CTAACCCTCGCGACAC-1
2089,TATTAGCCAATTGACT-1
2090,CAAAGGATCTGTGCCT-1
2091,TTAACTGAGTAGCTTA-1
2092,CGTGCTTTCTAATTGG-1
2093,CTCTATGTCGATTTAG-1
2094,TACCGTTGTTGTTGGA-1
2095,AAATCCGGTGTGCACG-1
2096,AGAAGGTGTTACTTCA-1
2097,CGCTCAGCATGCTTAG-1
2098,TATTTGGAGGACAATG-1
2099,CGCCTCATCATGTCAA-1
2100,GCCTAATAGCTAAAGG-1
2101,TGCCGGTAGTTAGGCT-1
2102,GAAAGGCTCCAGGGAG-1
2103,TAGGCTGTCCGCTAGA-1
2104,GGAATCTTCTTTGTAC-1
2105,CTGGACCAGCTTTGTT-1
2106,GCTGACATCCGTCCAT-1
2107,CGAACCGGTCAATACG-1
2108,GCGTTTCTCGCTAGAT-1
2109,TACCTTTAGAATCTCA-1
2110,GAGAAACGTAATAGCT-1
2111,GTGCTCCGTGCGCATG-1
2112,GATGAGGGTACGCGCA-1
2113,TAAAGCCTCCCTCGCA-1
2114,TGCTATGCATCAGTAT-1
2115,GACTTACAGCGGTTAT-1
2116,ATCGCCCGTTTGGGTA-1
2117,CAATGAACATAAGTCT-1
2118,TTCCTTGAGTCCTTCA-1
2119,TGCCATTGTCATTGAG-1
2120,CCGACAGGTAGCCTCC-1
2121,AGTGATGAGCGAGGTG-1
2122,GCCTCAAAGCTGGACC-1
2123,TTGCAGCCACCACAAC-1
2124,TGTAAGTGTTCACCCA-1
2125,GTCCTCAGTGGAGCAA-1
2126,TTAGGCGTCATTCATC-1
2127,CGCTATGAGGCGTAAA-1
2128,TGTTGTGCAGTTATGT-1
2129,CAGAATCTCACAAGCT-1
2130,GATTATGTCGGGACTC-1
2131,TAGCGGACAGGCCAAA-1
2132,CAGGTGGAGGCCATCA-1
2133,CTAGGCGGTCACACCC-1
2134,GATAATCGTTTGTGGA-1
2135,CTCCTCACAATAACCT-1
2136,TTACGTTTCCTGGCTT-1
2137,GGTGAGGTCAACAAGG-1
2138,GCTAGCTCACATAACT-1
2139,ATGATGGAGCCTGTGA-1
2140,GGCTCACAGGACCTTG-1
2141,GGTTGACGTTTGTTGC-1
2142,GATGACTTCGTTAAGC-1
2143,GATCACTAGCTACTGG-1
2144,AAATCCGGTCTTACTA-1
2145,GAGCTGCTCACAAGCT-1
2146,AACCCGCAGGTCGAGG-1
2147,CCTAAGTAGCATTATG-1
2148,GAAGTCAAGGCAGGTG-1
2149,GGATTATGTTAAGTGT-1
2150,GTTTATCTCTGTGCAG-1
2151,GAGGTACAGTATTGGC-1
2152,CTGGCTAAGCATCCAG-1
2153,TTGTTGCGTAAGGTTT-1
2154,AACCTCCTCTCAATTC-1
2155,TTTGACTTCAGAAACG-1
2156,GTAGCGCTCTCTAGCC-1
2157,CAGCCAATCAATACGC-1
2158,CTTAAGGGTGATCAGC-1
2159,ACCATTAAGGCTACAT-1
2160,TGTAAGTGTGAGCACT-1
2161,GCGATTTAGGCTGTGC-1
2162,CTTACCTCATACCCGG-1
2163,CCGCTTAGTATTGAGT-1
2164,TCAGGAGCACCTGCTC-1
2165,GGAATCTTCAATAGCC-1
2166,TTAACTGAGGACCAGG-1
2167,CCTATTGTCCACCTTA-1
2168,GTACTAATCTTGTCCA-1
2169,TGGACCGGTCGACTAA-1
2170,ACCAAACTCTTGTTCG-1
2171,GATCAAGAGACAACGA-1
2172,ATCCACCTCCTCCTAA-1
2173,CACCAACCATCAGTAT-1
2174,CATGCGGGTATTGGAT-1
2175,ACATCATCAGGTATTT-1
2176,GGTTTAATCACGCATG-1
2177,TTAGAAGCAGGCATGA-1
2178,AGCGATTTCATTGCAA-1
2179,GTTACTAAGAGGGACT-1
2180,TGAGTTTCAGAAATGC-1
2181,ACAGGTAAGAACCTGT-1
2182,TAGTCAATCTAACCTT-1
2183,AATGCATGTTACTTGC-1
2184,TTCAGGTAGTAGAGGC-1
2185,ATTCCTCCATTAGGCC-1
2186,AGGATCCGTTTAACCC-1
2187,CTGAAACTCCTCATGC-1
2188,GTTAAACGTAATAACC-1
2189,GTGCGGTTCCCGTTGT-1
2190,GTAATAGCATGTCAAT-1
2191,CAGGCTATCAGCTAAC-1
2192,CAGTATGGTCTCAGCC-1
2193,GGAACGGTCCGCACAA-1
2194,CGCAATTAGGCTGTCA-1
2195,ATCGGCCAGGATTTGC-1
2196,GCCAGGTTCAAATCGC-1
2197,CTCCCTGAGCCGCTAA-1
2198,CGTGTGTCATAATCGT-1
2199,GCTGACCAGTAGCGGG-1
2200,GGTAGGAGTTTGTGGA-1
2201,GATGGCTGTCACCAAA-1
2202,GTTGGCCAGTCTTGAA-1
2203,GCAGCTATCCGGTTGA-1
2204,TGCATGAGTCATTGTC-1
2205,CCGGTAGGTCAAGTAT-1
2206,CTCAGGATCCGGTTGA-1
2207,CGACTAAGTTTCGCGC-1
2208,AAGCGTTTCCTTAAGA-1
2209,ACCTTGTGTCATTGTC-1
2210,TTAGGATGTACCAGGT-1
2211,CGCTGTGCAGTAGCCT-1
2212,TGGCGGTTCAATTGGC-1
2213,AATTGGACAAACTCAT-1
2214,TCGTTAAAGGCTAATC-1
2215,TATATCCTCTAAGGTC-1
2216,AAGCCTGTCCGCACAA-1
2217,TCTCGCCCAAACCTAT-1
2218,AGTTGGCGTGAATCGC-1
2219,AGCACTTAGGTAAGCA-1
2220,CTCATTTAGGCAAGTA-1
2221,ACATAGCTCACAGGAA-1
2222,TCATCCATCCAATTAG-1
2223,ACTTATCTCATTACGA-1
2224,AAGGTATAGGTATTGC-1
2225,CGTAGCGGTGGACATC-1
2226,AGGTTGCGTAGCTGCG-1
2227,GTAGCTGTCCTTAGGG-1
2228,GCCGTGAGTAATTAGC-1
2229,CTTCACTCAAATATCC-1
2230,ACGCAAGCAAACTAAG-1
2231,ATTATCCTCTGGTCCT-1
2232,CTAGCGGGTTACGCGG-1
2233,CGAGGTGAGCACAGCC-1
2234,ACATAGCTCGAGGTGG-1
2235,TACCCGGCAATTATGC-1
2236,TCATGCCTCACTAGGT-1
2237,CAGGAAGGTAAACAAG-1
2238,ATTACCGCATTAGGTT-1
2239,CGTTTGGAGTTCCCGT-1
2240,TGACCTTGTGGTGAGA-1
2241,CTCCCTGAGGATTTGC-1
2242,AGGTGAGGTGTTGCAA-1
2243,AGGAACGGTTTCCGGC-1
2244,CTAGCTGAGTGCTGTG-1
2245,AATTGCCAGCCATCAG-1
2246,GCTAAGTTCGGTACGC-1
2247,CCTAAATCATGCATAT-1
2248,GAGGCCTTCATCCTCA-1
2249,TGAGGTGCATAATCCG-1
2250,GGTAATTGTTTGGCGG-1
2251,CCTAAGGTCGAGCAAA-1
2252,CAACTAATCCGGGACT-1
2253,GCTGATCCAACCCTCC-1
2254,CAAAGTGAGCCTTAAA-1
2255,GCCCATAAGCTTACTT-1
2256,CGAAATGAGGTCCTAG-1
2257,TGTAATGTCCCGCAAA-1
2258,TGTGATCAGCCTGGTA-1
2259,ACTATCCGTAAAGCAA-1
2260,TGTAACTCATTGGGAG-1
2261,AGGACTAAGCGAGTAA-1
2262,AGAAAGGCACGTAAGG-1
2263,AATAACCGTTATCGAG-1
2264,GGGATTAAGGCTTAGT-1
2265,TTTAACCTCAAACTCA-1
2266,GTGGCTTCAAATTGCT-1
2267,ATATGCATCCTAATAG-1
2268,GCCCAAATCTCATCAT-1
2269,TCATTTGGTTAATGCG-1
2270,GCTAACAGTCATGCAA-1
2271,GACCTGATCTCTAGCC-1
2272,CGTCCTAGTGAGGTGA-1
2273,CAGGAAGGTTATCGAG-1
2274,TCCCGGACATGGTTAT-1
2275,TAGTAGGAGTCAGTAC-1
2276,CCTCAAACACTAAATC-1
2277,CTCGCTCCAGGCCATT-1
2278,AAGGTATAGCTTAGTA-1
2279,GGAGCGATCACGTTAA-1
2280,GCACATTAGAGGCTAA-1
2281,GTTAACCAGGACCTGC-1
2282,ATTCACTTCCCGTTGT-1
2283,CAAAGCGCAAGGTACG-1
2284,CAGCTAAGTACTGATG-1
2285,CTAGCGGGTTACTTGC-1
2286,GATTGTTCAAGCTAAA-1
2287,ATGGCTAGTGATCATG-1
2288,AATTGTGTCATCACTT-1
2289,AAGGATGTCGTTAGCG-1
2290,AATCTCAAGCCATCAG-1
2291,ATTGAAGCAGCTTAGC-1
2292,TTGCACACATAATTGC-1
2293,GACAATACATTGTTGG-1
2294,CATTCATTCTTTGACT-1
2295,GATGCAGCAAGGTCGA-1
2296,GTGAGGAGTTGCGGAT-1
2297,GAGCGGTCAGGACCAA-1
2298,GCGGGTTTCTCTAGCC-1
2299,TCATGTTTCCTAGTCC-1
2300,TTTCTTGCATGCAACC-1
2301,AAGGATTAGTTGTCTT-1
2302,TGCTTCCAGGCTTAAC-1
2303,GCCTGTGCACCTAAGC-1
2304,GTGAATCTCCGCCTAT-1
2305,AACTACTCACTTAACG-1
2306,TTGTCCCAGTTCCCAC-1
2307,TTTGGTAAGGGTTATC-1
2308,CAGAATCTCTTCAATC-1
2309,TCAAGGAAGGCTATGT-1
2310,GGGCTAACATTGTGGC-1
2311,ACAGGATCATTAGGCC-1
2312,CGGAATCGTTGTTGTC-1
2313,AACGCCCAGTAGCGGG-1
2314,TGCTAGCCAAAGCGGC-1
2315,TTGACATCAAGTGAAC-1
2316,CGTTATCGTCACACCC-1
2317,ACGATTCAGGCTTAGT-1
2318,TTCCCACAGCGATACT-1
2319,GTTTCAGCAGGACCTT-1
2320,GAATTTGTCTTGTTCG-1
2321,GCTGGTTCACCGGTAT-1
2322,TGTGAAACAACAGGTG-1
2323,GGTTCTTGTCATTGAG-1
2324,TAGCCTGAGGTGAAAT-1
2325,CCTCCTCTCCTCGATC-1
2326,CATGCGCAGGCGCTTA-1
2327,GTGGACACATCCAGGT-1
2328,AGTTACATCTTGCAGG-1
2329,AGTAACGAGCGCATTG-1
2330,TGCGCAGGTACAAAGA-1
2331,TATTAGCCACCTCGCT-1
2332,CAAGGGAGTCGCAATA-1
2333,GGAAGTATCTTAGCGG-1
2334,GTGATCAGTAGTTACG-1
2335,GATTCATCAGCACGAA-1
2336,TAGCCGGGTGGCTTCC-1
2337,AGAAGGTGTTTGACCT-1
2338,ATTCGTTTCGCACAAT-1
2339,AGACACGCAAACTAAG-1
2340,ACGCCACAGGTTACAC-1
2341,TGCAATATCCTTGCGT-1
2342,TCTTGTCCAATTATGC-1
2343,AATGCATGTGTTGTAG-1
2344,ACTCGCGCAATCCTGA-1
2345,GGTTTCTGTTACTAGG-1
2346,CAGTATGGTGGTTAGC-1
2347,GAAGCCTGTCCCGGAA-1
2348,GATGGACAGCTTAACA-1
2349,CTAACCTGTTAGTACG-1
2350,ACAGTATGTGCTCCGT-1
2351,GTTCCCAGTGGATTAT-1
2352,AGTGCCGGTCTAACAG-1
2353,AGCAATTGTGCTGTAA-1
2354,GTCCAAGTCAATGAGG-1
2355,TGTTGTTTCCGTAAAC-1
2356,CCTAATAAGCAAGATG-1
2357,AATACCGGTTTAAAGC-1
2358,TGGTCCTTCAATTACG-1
2359,TGTGGCCAGGATGATG-1
2360,CATCCTCAGCTGGACC-1
2361,GAGCCTTCAAGGACCA-1
2362,ACGTCCAAGGTCCAAT-1
2363,GTTACTAAGATAACCC-1
2364,GCAGCTATCCTAAGTA-1
2365,CAGCCTAAGCATGACT-1
2366,AATTTCCTCCCTGGTT-1
2367,GGGAGTAGTCCAAGAC-1
2368,GCAGGCTTCGACAAAG-1
2369,GAGGTAGGTGGATGTC-1
2370,ACCCAACCAGCAACCT-1
2371,TGTGGCCAGTTCCCGT-1
2372,GATCAGTTCATGCTCC-1
2373,TTTGTGTTCATAAGCC-1
2374,TTAAGGTGTTAAATGC-1
2375,AGTAGCTTCAGGCTAT-1
2376,AAGCAAGTCTAACCTT-1
2377,GCAAGCCTCCCGAAGC-1
2378,ATAAGCCTCCTTGAGG-1
2379,TGGTTAATCATTTGCT-1
2380,CCTAGTTGTAGGATCC-1
2381,GTACTTCGTATACTGG-1
2382,CCTGGTAAGTGAAGTG-1
2383,ATCAATCCATACCCGG-1
2384,CTTTCTTGTTTATTCG-1
2385,ATCCTGACAATCGCAC-1
2386,CGAAGCCTCTTGCAGG-1
2387,CTTATTGGTATTGTCC-1
2388,CTCCAAACAAACTGCC-1
2389,GAGCATGCAGGGAGCT-1
2390,ATTATCCTCTAATCAG-1
2391,GCTCTGTTCTCACTCA-1
2392,TAAACAGCAAGGAATC-1
2393,TAACCGGTCGGTACGC-1
2394,AGTTACTCATTGTCAG-1
2395,CGCTTGCGTTTCCGGC-1
2396,ACCTTGCTCGGGCCAT-1
2397,AGGTTACTCCTCCTAA-1
2398,GGCTCACAGTTGGCCA-1
2399,GCTTTACGTCAAGACC-1
2400,GGCCTAATCAGGCTAT-1
2401,AGCCTAGTCTCACTCA-1
2402,TCCATTGTCAGTTCCC-1
2403,TATATCCTCCTTGCGT-1
2404,CAAACATGTTTCAGGA-1
2405,GCTTGACCATGCTATG-1
2406,AGTAACACACCCACCT-1
2407,AGGTTAACATTAAACC-1
2408,TCAAACCAGGCTACTG-1
2409,AACCGCTCAAAGCTAA-1
2410,CTAACCTGTCATCAAG-1
2411,GGCTATGTCCAAGTTA-1
2412,ATGGCCGGTTTATTCG-1
2413,CTGAATATCCAGGAAA-1
2414,TTCTTAGGTTTGCAGA-1
2415,GGCCAGTTCTTTAAGG-1
2416,GACCTAAGTTTGTTGC-1
2417,ACCTTGTGTATTGGTG-1
2418,GGTTTAATCACACAGT-1
2419,GTCTAGCCAGTAAGTA-1
2420,GTTTGTAAGAATCGCT-1
2421,CAAGTAACATGCTCCC-1
2422,CTCCAACTCTTAGGGT-1
2423,GCGCAAACATACCCGG-1
2424,CTTGAATCATTGCAGC-1
2425,ACTCACCTCGTTTCGC-1
2426,GACAATACAGAGGGAG-1
2427,CTTATTGGTTTGTCTA-1
2428,GCCAGGTTCTCACTAT-1
2429,CAAGTTATCGAAGCGG-1
2430,GTTGCATAGTCATGCG-1
2431,CAATCCTGTAGCCATA-1
2432,CTTGTTCCAACTCGCG-1
2433,TGGTCCTTCTAAATCG-1
2434,AGTGTGGCAGCGCTTG-1
2435,AACTGTTCAGCATGGA-1
2436,CACGCTAAGAATCGCT-1
2437,ATGCCTGAGCAGGTTT-1
2438,TGAACAACATCACAGC-1
2439,CGTTGCAAGTTATGGC-1
2440,TACGGTTAGGACGTAA-1
2441,CGTCAATAGTAACTCA-1
2442,GCTGTAAGTAGCTAGC-1
2443,GTCTAACAGGGATGCG-1
2444,CTCCGTCCAACAACAA-1
2445,ATTGCGCCAACGTGCT-1
2446,ATATGTCCATAACGGG-1
2447,GCGCGATTCCTAAATG-1
2448,CTCGCTCCAACACCTA-1
2449,GTGCTGATCGTTTCCA-1
2450,CTGCTACTCTAACCAA-1
2451,GCTCTGTTCAGCAAAG-1
2452,GTGATCAGTTACCTGT-1
2453,ATGGCCGGTTTGACCT-1
2454,AAGGATTAGTCCTTTG-1
2455,CTCGACAAGCCTGTGA-1
2456,CGGATAAAGGACCTCA-1
2457,AATAGAGGTGCTAGAC-1
2458,ACCTACCTCCTAAATG-1
2459,CGGTTTGAGCGCAATT-1
2460,GCCAACATCTAATTGG-1
2461,ACGGTACGTTTCGCCA-1
2462,ACGTTACAGCATTTCT-1
2463,CTTCAGGAGGCGAAAC-1
2464,TTCAGTTTCTCCATAT-1
2465,TCACGGATCCTTGCAC-1
2466,TGCATGAGTGATGGCT-1
2467,GGAACCACAGACAAAC-1
2468,CTGCTATGTGACATGC-1
2469,ATCACCCTCTAATCTC-1
2470,ACACTAATCTAATCTC-1
2471,GCGGTTATCCGGTATG-1
2472,CGCACAATCGCGACAC-1
2473,CTTGAATCAGAGGCTA-1
2474,CACATACAGCTCATAA-1
2475,TAGCTTGCAGCGCTTG-1
2476,TCGTTAGCAAGACTCC-1
2477,ACCTTGTGTTAGACCA-1
2478,ACGTCCTTCCCAGTAG-1
2479,TGAGTTTCAAGGTACG-1
2480,TGCACACCAATCCTGA-1
2481,AACCTAATCCTTAAGA-1
2482,GCGGATACATCGCTTT-1
2483,CTTTGGTGTCATGCAA-1
2484,AAACAGCCAACAGGTG-1
2485,TCTGTGACAAGCGAGC-1
2486,TGCTCCGTCGCTTGCT-1
2487,GAAACTGAGAAGGTGC-1
2488,ATGATGGAGGTTTGCG-1
2489,TATTAGCCACAGACTC-1
2490,TGGTTCCTCATCCTGC-1
2491,AGTCCTTGTGAGCACT-1
2492,GAGCGAAGTTGTTGTC-1
2493,GGAACCACACGGTACT-1
2494,CTTACCTCAATAACGA-1
2495,TGAAGGATCAATCATG-1
2496,AGTGTTTCACTTCACT-1
2497,GCACATTAGCCGCTTT-1
2498,CGGCAATGTTTCCTCC-1
2499,TTCAGCACACTAAGCC-1
2500,GAACACAAGTTTGGTA-1
2501,GCCCTCATCATGTGGT-1
2502,CGCATATAGCCTGTTC-1
2503,CAAATCATCTTTGTAC-1
2504,TTAGCGGTCGCGCTAA-1
2505,ACACTAGGTAAGCTCA-1
2506,GTCGAAGCAGGCTGTT-1
2507,CCGGTAGGTTTAGTCC-1
2508,ATTTGCGCAATAGTCT-1
2509,TAGGAACCACCTGCCT-1
2510,TGGTCCTTCGATCAGT-1
2511,TACCTCATCTAGCTTT-1
2512,GCCCTCATCCGGTTGA-1
2513,TACGCTTGTTCCTGAT-1
2514,CTATGATCATCGCTCC-1
2515,GATTGCAGTAAGGTCC-1
2516,TTAGAAGCAGGTTAAA-1
2517,TAAGGCTTCGAAGCGG-1
2518,TTGGCTGAGCATTTCT-1
2519,TTGCTCTCATTATGCG-1
2520,ATTTGCAAGCTATTAG-1
2521,TCCTGGTTCTTAGTGA-1
2522,AGTGTTTCACCTGTAA-1
2523,GTTTATCTCTGTTCAT-1
2524,AATCAGGAGACTATTG-1
2525,CCTCAGTTCTGGCATG-1
2526,TAGCCTGAGCCAGGTC-1
2527,GGTTGCGGTTTGCTGT-1
2528,GATTGGCGTGACATAT-1
2529,CGGTTATAGATGGACA-1
2530,GGTTTCCTCGCGCTAA-1
2531,GGTTTGTAGGCACAGG-1
2532,TAAGTAGCAGGAAGCC-1
2533,TGTTACTTCCCGAAGC-1
2534,TCTTAGTTCTTGCATT-1
